2026/08/26 08:01:48.516, 0, P0, 1290, 877, 1, 0, 52.65
2026/08/26 08:01:48.518, 1, P0, 135, 877, 1, 0, 42.95
2026/08/26 08:01:48.521, 2, P0, 135, 877, 1, 0, 43.35
2026/08/26 08:01:48.523, 3, P0, 135, 877, 1, 0, 44.35
2026/08/26 08:01:48.625, 0, P0, 1290, 877, 3, 0, 59.91
2026/08/26 08:01:48.627, 1, P0, 1290, 877, 1, 0, 53.14
2026/08/26 08:01:48.629, 2, P0, 135, 877, 1, 0, 43.35
2026/08/26 08:01:48.631, 3, P0, 135, 877, 1, 0, 44.84
2026/08/26 08:01:48.733, 0, P0, 1290, 877, 3, 0, 60.40
2026/08/26 08:01:48.744, 1, P0, 1290, 877, 2, 0, 58.94
2026/08/26 08:01:48.747, 2, P0, 1290, 877, 0, 0, 50.61
2026/08/26 08:01:48.749, 3, P0, 135, 877, 0, 0, 44.81
2026/08/26 08:01:48.852, 0, P0, 1290, 877, 0, 0, 60.36
2026/08/26 08:01:48.853, 1, P0, 1290, 877, 0, 0, 58.94
2026/08/26 08:01:48.856, 2, P0, 1290, 877, 3, 0, 59.31
2026/08/26 08:01:48.857, 3, P0, 135, 877, 0, 0, 44.33
2026/08/26 08:01:48.959, 0, P0, 1290, 877, 9, 3, 66.58
2026/08/26 08:01:48.962, 1, P0, 1290, 877, 0, 0, 66.67
2026/08/26 08:01:48.963, 2, P0, 1290, 877, 3, 0, 66.98
2026/08/26 08:01:48.965, 3, P0, 1290, 877, 0, 0, 70.42
2026/08/26 08:01:49.067, 0, P0, 1290, 877, 9, 3, 69.45
2026/08/26 08:01:49.069, 1, P0, 1530, 877, 48, 11, 77.74
2026/08/26 08:01:49.071, 2, P0, 1425, 877, 61, 13, 71.29
2026/08/26 08:01:49.073, 3, P0, 1425, 877, 51, 11, 72.79
2026/08/26 08:01:49.174, 0, P0, 1425, 877, 100, 21, 73.81
2026/08/26 08:01:49.176, 1, P0, 1530, 877, 96, 18, 78.23
2026/08/26 08:01:49.178, 2, P0, 1425, 877, 61, 13, 72.26
2026/08/26 08:01:49.180, 3, P0, 1530, 877, 98, 20, 79.58
2026/08/26 08:01:49.282, 0, P0, 1530, 877, 100, 20, 78.12
2026/08/26 08:01:49.284, 1, P0, 1530, 877, 96, 18, 78.23
2026/08/26 08:01:49.285, 2, P0, 1530, 877, 98, 19, 78.99
2026/08/26 08:01:49.287, 3, P0, 1530, 877, 98, 20, 81.94
2026/08/26 08:01:49.389, 0, P0, 1530, 877, 100, 20, 80.06
2026/08/26 08:01:49.391, 1, P0, 1530, 877, 100, 19, 78.71
2026/08/26 08:01:49.393, 2, P0, 1530, 877, 100, 18, 79.47
2026/08/26 08:01:49.394, 3, P0, 1530, 877, 100, 19, 82.43
2026/08/26 08:01:49.496, 0, P0, 1530, 877, 100, 20, 81.51
2026/08/26 08:01:49.498, 1, P0, 1530, 877, 100, 19, 78.71
2026/08/26 08:01:49.500, 2, P0, 1530, 877, 100, 18, 79.47
2026/08/26 08:01:49.502, 3, P0, 1530, 877, 100, 20, 82.43
2026/08/26 08:01:49.604, 0, P0, 1530, 877, 100, 19, 81.51
2026/08/26 08:01:49.605, 1, P0, 1530, 877, 100, 19, 78.71
2026/08/26 08:01:49.607, 2, P0, 1530, 877, 100, 18, 79.47
2026/08/26 08:01:49.609, 3, P0, 1530, 877, 100, 20, 82.43
2026/08/26 08:01:49.711, 0, P0, 1530, 877, 100, 19, 82.00
2026/08/26 08:01:49.713, 1, P0, 1530, 877, 100, 19, 78.71
2026/08/26 08:01:49.715, 2, P0, 1530, 877, 100, 18, 79.47
2026/08/26 08:01:49.717, 3, P0, 1530, 877, 100, 19, 81.94
2026/08/26 08:01:49.819, 0, P0, 1530, 877, 100, 19, 82.00
2026/08/26 08:01:49.821, 1, P0, 1530, 877, 100, 19, 78.71
2026/08/26 08:01:49.822, 2, P0, 1530, 877, 100, 18, 79.47
2026/08/26 08:01:49.824, 3, P0, 1530, 877, 100, 19, 82.00
2026/08/26 08:01:49.926, 0, P0, 1530, 877, 100, 19, 82.48
2026/08/26 08:01:49.928, 1, P0, 1530, 877, 100, 20, 78.71
2026/08/26 08:01:49.930, 2, P0, 1530, 877, 100, 18, 79.47
2026/08/26 08:01:49.932, 3, P0, 1530, 877, 100, 19, 81.94
2026/08/26 08:01:50.035, 0, P0, 1530, 877, 100, 20, 82.97
2026/08/26 08:01:50.037, 1, P0, 1530, 877, 100, 19, 80.17
2026/08/26 08:01:50.039, 2, P0, 1530, 877, 100, 18, 79.47
2026/08/26 08:01:50.040, 3, P0, 1530, 877, 100, 20, 81.94
2026/08/26 08:01:50.142, 0, P0, 1530, 877, 100, 19, 82.00
2026/08/26 08:01:50.145, 1, P0, 1530, 877, 100, 19, 80.17
2026/08/26 08:01:50.146, 2, P0, 1530, 877, 100, 18, 79.47
2026/08/26 08:01:50.148, 3, P0, 1530, 877, 100, 20, 81.94
2026/08/26 08:01:50.250, 0, P0, 1530, 877, 100, 19, 82.00
2026/08/26 08:01:50.252, 1, P0, 1530, 877, 100, 19, 80.17
2026/08/26 08:01:50.254, 2, P0, 1530, 877, 100, 18, 79.47
2026/08/26 08:01:50.255, 3, P0, 1530, 877, 100, 19, 81.94
2026/08/26 08:01:50.357, 0, P0, 1530, 877, 100, 19, 82.00
2026/08/26 08:01:50.359, 1, P0, 1530, 877, 100, 19, 80.65
2026/08/26 08:01:50.361, 2, P0, 1530, 877, 100, 18, 79.47
2026/08/26 08:01:50.363, 3, P0, 1530, 877, 100, 20, 82.43
2026/08/26 08:01:50.465, 0, P0, 1530, 877, 100, 19, 82.00
2026/08/26 08:01:50.466, 1, P0, 1530, 877, 100, 19, 80.65
2026/08/26 08:01:50.468, 2, P0, 1530, 877, 100, 18, 79.47
2026/08/26 08:01:50.470, 3, P0, 1530, 877, 100, 20, 82.43
2026/08/26 08:01:50.572, 0, P0, 1530, 877, 100, 19, 82.00
2026/08/26 08:01:50.574, 1, P0, 1530, 877, 100, 19, 80.65
2026/08/26 08:01:50.575, 2, P0, 1530, 877, 100, 18, 79.47
2026/08/26 08:01:50.578, 3, P0, 1530, 877, 100, 19, 82.91
2026/08/26 08:01:50.680, 0, P0, 1530, 877, 100, 19, 81.51
2026/08/26 08:01:50.682, 1, P0, 1530, 877, 100, 20, 80.65
2026/08/26 08:01:50.684, 2, P0, 1530, 877, 100, 18, 79.47
2026/08/26 08:01:50.686, 3, P0, 1530, 877, 100, 19, 83.40
2026/08/26 08:01:50.788, 0, P0, 1530, 877, 100, 20, 81.51
2026/08/26 08:01:50.789, 1, P0, 1530, 877, 100, 20, 80.65
2026/08/26 08:01:50.791, 2, P0, 1530, 877, 100, 18, 79.47
2026/08/26 08:01:50.793, 3, P0, 1530, 877, 100, 19, 83.40
2026/08/26 08:01:50.895, 0, P0, 1530, 877, 100, 20, 80.54
2026/08/26 08:01:50.897, 1, P0, 1530, 877, 100, 19, 79.68
2026/08/26 08:01:50.899, 2, P0, 1530, 877, 100, 18, 79.96
2026/08/26 08:01:50.900, 3, P0, 1530, 877, 100, 20, 83.88
2026/08/26 08:01:51.002, 0, P0, 1530, 877, 100, 20, 82.48
2026/08/26 08:01:51.004, 1, P0, 1530, 877, 100, 21, 81.62
2026/08/26 08:01:51.006, 2, P0, 1530, 877, 100, 18, 80.44
2026/08/26 08:01:51.008, 3, P0, 1530, 877, 100, 20, 83.40
2026/08/26 08:01:51.110, 0, P0, 1530, 877, 100, 21, 80.54
2026/08/26 08:01:51.112, 1, P0, 1530, 877, 100, 21, 79.20
2026/08/26 08:01:51.115, 2, P0, 1530, 877, 100, 19, 79.96
2026/08/26 08:01:51.117, 3, P0, 1530, 877, 100, 20, 83.88
2026/08/26 08:01:51.218, 0, P0, 1530, 877, 100, 21, 82.00
2026/08/26 08:01:51.220, 1, P0, 1530, 877, 100, 21, 81.62
2026/08/26 08:01:51.222, 2, P0, 1530, 877, 100, 19, 80.44
2026/08/26 08:01:51.224, 3, P0, 1530, 877, 100, 20, 83.88
2026/08/26 08:01:51.326, 0, P0, 1530, 877, 100, 21, 80.54
2026/08/26 08:01:51.327, 1, P0, 1530, 877, 100, 21, 79.20
2026/08/26 08:01:51.329, 2, P0, 1530, 877, 100, 19, 79.96
2026/08/26 08:01:51.331, 3, P0, 1530, 877, 100, 20, 83.88
2026/08/26 08:01:51.433, 0, P0, 1530, 877, 100, 21, 82.48
2026/08/26 08:01:51.435, 1, P0, 1530, 877, 100, 21, 81.62
2026/08/26 08:01:51.437, 2, P0, 1530, 877, 100, 19, 80.44
2026/08/26 08:01:51.438, 3, P0, 1530, 877, 100, 20, 83.88
2026/08/26 08:01:51.540, 0, P0, 1530, 877, 100, 21, 80.54
2026/08/26 08:01:51.542, 1, P0, 1530, 877, 100, 21, 79.68
2026/08/26 08:01:51.544, 2, P0, 1530, 877, 100, 19, 79.96
2026/08/26 08:01:51.546, 3, P0, 1530, 877, 100, 20, 83.88
2026/08/26 08:01:51.648, 0, P0, 1530, 877, 100, 21, 82.48
2026/08/26 08:01:51.650, 1, P0, 1530, 877, 100, 21, 81.62
2026/08/26 08:01:51.651, 2, P0, 1530, 877, 100, 19, 80.44
2026/08/26 08:01:51.653, 3, P0, 1530, 877, 100, 20, 83.40
2026/08/26 08:01:51.755, 0, P0, 1530, 877, 100, 21, 80.54
2026/08/26 08:01:51.757, 1, P0, 1530, 877, 100, 21, 80.17
2026/08/26 08:01:51.759, 2, P0, 1530, 877, 100, 19, 80.44
2026/08/26 08:01:51.760, 3, P0, 1530, 877, 100, 20, 84.36
2026/08/26 08:01:51.862, 0, P0, 1530, 877, 100, 21, 82.97
2026/08/26 08:01:51.864, 1, P0, 1530, 877, 100, 21, 81.14
2026/08/26 08:01:51.866, 2, P0, 1530, 877, 100, 19, 79.96
2026/08/26 08:01:51.868, 3, P0, 1530, 877, 100, 20, 83.40
2026/08/26 08:01:51.970, 0, P0, 1530, 877, 100, 21, 80.54
2026/08/26 08:01:51.971, 1, P0, 1530, 877, 100, 21, 80.17
2026/08/26 08:01:51.973, 2, P0, 1530, 877, 100, 19, 80.92
2026/08/26 08:01:51.975, 3, P0, 1530, 877, 100, 20, 84.85
2026/08/26 08:01:52.077, 0, P0, 1530, 877, 100, 21, 83.45
2026/08/26 08:01:52.079, 1, P0, 1530, 877, 100, 21, 80.65
2026/08/26 08:01:52.081, 2, P0, 1530, 877, 100, 19, 80.44
2026/08/26 08:01:52.083, 3, P0, 1530, 877, 100, 20, 82.91
2026/08/26 08:01:52.184, 0, P0, 1530, 877, 100, 21, 80.54
2026/08/26 08:01:52.186, 1, P0, 1530, 877, 100, 21, 80.17
2026/08/26 08:01:52.188, 2, P0, 1530, 877, 100, 19, 80.92
2026/08/26 08:01:52.190, 3, P0, 1530, 877, 100, 20, 84.85
2026/08/26 08:01:52.292, 0, P0, 1530, 877, 100, 21, 82.97
2026/08/26 08:01:52.294, 1, P0, 1530, 877, 100, 21, 81.62
2026/08/26 08:01:52.297, 2, P0, 1530, 877, 100, 19, 80.44
2026/08/26 08:01:52.299, 3, P0, 1530, 877, 100, 20, 83.40
2026/08/26 08:01:52.401, 0, P0, 1530, 877, 100, 21, 80.54
2026/08/26 08:01:52.403, 1, P0, 1530, 877, 100, 21, 79.68
2026/08/26 08:01:52.404, 2, P0, 1530, 877, 100, 19, 80.44
2026/08/26 08:01:52.406, 3, P0, 1530, 877, 100, 20, 84.85
2026/08/26 08:01:52.508, 0, P0, 1530, 877, 100, 21, 82.97
2026/08/26 08:01:52.510, 1, P0, 1530, 877, 100, 21, 81.14
2026/08/26 08:01:52.512, 2, P0, 1530, 877, 100, 19, 80.44
2026/08/26 08:01:52.514, 3, P0, 1530, 877, 100, 20, 83.40
2026/08/26 08:01:52.616, 0, P0, 1530, 877, 100, 21, 80.54
2026/08/26 08:01:52.619, 1, P0, 1530, 877, 100, 21, 79.68
2026/08/26 08:01:52.620, 2, P0, 1530, 877, 100, 19, 80.44
2026/08/26 08:01:52.622, 3, P0, 1530, 877, 100, 20, 83.88
2026/08/26 08:01:52.724, 0, P0, 1530, 877, 100, 21, 82.97
2026/08/26 08:01:52.726, 1, P0, 1530, 877, 100, 21, 81.62
2026/08/26 08:01:52.728, 2, P0, 1530, 877, 100, 19, 80.44
2026/08/26 08:01:52.730, 3, P0, 1530, 877, 100, 20, 83.88
2026/08/26 08:01:52.832, 0, P0, 1530, 877, 100, 21, 80.54
2026/08/26 08:01:52.834, 1, P0, 1530, 877, 100, 21, 79.68
2026/08/26 08:01:52.836, 2, P0, 1530, 877, 100, 19, 80.44
2026/08/26 08:01:52.837, 3, P0, 1530, 877, 100, 20, 84.36
2026/08/26 08:01:52.939, 0, P0, 1530, 877, 100, 21, 82.97
2026/08/26 08:01:52.941, 1, P0, 1530, 877, 100, 21, 81.62
2026/08/26 08:01:52.943, 2, P0, 1530, 877, 100, 19, 80.44
2026/08/26 08:01:52.945, 3, P0, 1530, 877, 100, 20, 83.40
2026/08/26 08:01:53.047, 0, P0, 1530, 877, 100, 21, 80.54
2026/08/26 08:01:53.048, 1, P0, 1530, 877, 100, 21, 80.17
2026/08/26 08:01:53.050, 2, P0, 1530, 877, 100, 19, 80.92
2026/08/26 08:01:53.052, 3, P0, 1530, 877, 100, 20, 84.36
2026/08/26 08:01:53.154, 0, P0, 1530, 877, 100, 21, 82.97
2026/08/26 08:01:53.156, 1, P0, 1530, 877, 100, 21, 81.62
2026/08/26 08:01:53.159, 2, P0, 1530, 877, 100, 19, 80.44
2026/08/26 08:01:53.161, 3, P0, 1530, 877, 100, 20, 83.88
2026/08/26 08:01:53.262, 0, P0, 1530, 877, 100, 21, 80.54
2026/08/26 08:01:53.285, 1, P0, 1530, 877, 100, 21, 79.20
2026/08/26 08:01:53.287, 2, P0, 1530, 877, 100, 19, 80.44
2026/08/26 08:01:53.289, 3, P0, 1530, 877, 100, 20, 83.40
2026/08/26 08:01:53.390, 0, P0, 1530, 877, 100, 20, 81.51
2026/08/26 08:01:53.392, 1, P0, 1530, 877, 100, 21, 81.62
2026/08/26 08:01:53.394, 2, P0, 1530, 877, 100, 19, 81.41
2026/08/26 08:01:53.396, 3, P0, 1530, 877, 100, 20, 84.85
2026/08/26 08:01:53.498, 0, P0, 1530, 877, 100, 21, 82.48
2026/08/26 08:01:53.500, 1, P0, 1530, 877, 100, 21, 79.20
2026/08/26 08:01:53.501, 2, P0, 1530, 877, 100, 19, 80.44
2026/08/26 08:01:53.503, 3, P0, 1530, 877, 100, 20, 83.40
2026/08/26 08:01:53.605, 0, P0, 1530, 877, 100, 21, 81.51
2026/08/26 08:01:53.607, 1, P0, 1530, 877, 100, 21, 82.11
2026/08/26 08:01:53.609, 2, P0, 1530, 877, 100, 19, 81.41
2026/08/26 08:01:53.611, 3, P0, 1530, 877, 100, 20, 84.85
2026/08/26 08:01:53.713, 0, P0, 1530, 877, 100, 21, 82.00
2026/08/26 08:01:53.714, 1, P0, 1530, 877, 100, 21, 79.20
2026/08/26 08:01:53.716, 2, P0, 1530, 877, 100, 19, 80.44
2026/08/26 08:01:53.718, 3, P0, 1530, 877, 100, 20, 83.40
2026/08/26 08:01:53.820, 0, P0, 1530, 877, 100, 21, 82.00
2026/08/26 08:01:53.821, 1, P0, 1530, 877, 100, 21, 82.11
2026/08/26 08:01:53.823, 2, P0, 1530, 877, 100, 19, 81.41
2026/08/26 08:01:53.826, 3, P0, 1530, 877, 100, 20, 85.33
2026/08/26 08:01:53.929, 0, P0, 1530, 877, 100, 21, 82.97
2026/08/26 08:01:53.932, 1, P0, 1530, 877, 100, 21, 79.68
2026/08/26 08:01:53.934, 2, P0, 1530, 877, 100, 19, 80.44
2026/08/26 08:01:53.937, 3, P0, 1530, 877, 100, 20, 83.40
2026/08/26 08:01:54.039, 0, P0, 1530, 877, 100, 21, 81.03
2026/08/26 08:01:54.040, 1, P0, 1530, 877, 100, 21, 80.65
2026/08/26 08:01:54.042, 2, P0, 1530, 877, 100, 19, 81.41
2026/08/26 08:01:54.044, 3, P0, 1530, 877, 100, 20, 84.85
2026/08/26 08:01:54.146, 0, P0, 1530, 877, 100, 21, 82.97
2026/08/26 08:01:54.148, 1, P0, 1530, 877, 100, 21, 79.68
2026/08/26 08:01:54.149, 2, P0, 1530, 877, 100, 19, 80.44
2026/08/26 08:01:54.151, 3, P0, 1530, 877, 100, 20, 83.40
2026/08/26 08:01:54.253, 0, P0, 1530, 877, 100, 21, 81.03
2026/08/26 08:01:54.255, 1, P0, 1530, 877, 100, 21, 81.14
2026/08/26 08:01:54.257, 2, P0, 1530, 877, 100, 19, 81.41
2026/08/26 08:01:54.258, 3, P0, 1530, 877, 100, 20, 84.85
2026/08/26 08:01:54.360, 0, P0, 1530, 877, 100, 21, 82.48
2026/08/26 08:01:54.362, 1, P0, 1530, 877, 100, 21, 79.20
2026/08/26 08:01:54.364, 2, P0, 1530, 877, 100, 19, 80.44
2026/08/26 08:01:54.366, 3, P0, 1530, 877, 100, 20, 83.40
2026/08/26 08:01:54.468, 0, P0, 1530, 877, 100, 21, 81.51
2026/08/26 08:01:54.469, 1, P0, 1530, 877, 100, 21, 81.62
2026/08/26 08:01:54.471, 2, P0, 1530, 877, 100, 19, 81.41
2026/08/26 08:01:54.474, 3, P0, 1530, 877, 100, 20, 84.85
2026/08/26 08:01:54.576, 0, P0, 1530, 877, 100, 21, 82.97
2026/08/26 08:01:54.577, 1, P0, 1530, 877, 100, 21, 79.20
2026/08/26 08:01:54.579, 2, P0, 1530, 877, 100, 19, 80.44
2026/08/26 08:01:54.581, 3, P0, 1530, 877, 100, 20, 83.40
2026/08/26 08:01:54.683, 0, P0, 1530, 877, 100, 21, 81.51
2026/08/26 08:01:54.685, 1, P0, 1530, 877, 100, 21, 81.62
2026/08/26 08:01:54.687, 2, P0, 1530, 877, 100, 19, 81.41
2026/08/26 08:01:54.689, 3, P0, 1530, 877, 100, 20, 84.85
2026/08/26 08:01:54.791, 0, P0, 1530, 877, 100, 21, 82.97
2026/08/26 08:01:54.793, 1, P0, 1530, 877, 100, 21, 79.20
2026/08/26 08:01:54.794, 2, P0, 1530, 877, 100, 19, 80.44
2026/08/26 08:01:54.796, 3, P0, 1530, 877, 100, 20, 82.91
2026/08/26 08:01:54.898, 0, P0, 1530, 877, 100, 21, 81.03
2026/08/26 08:01:54.900, 1, P0, 1530, 877, 100, 21, 81.14
2026/08/26 08:01:54.903, 2, P0, 1530, 877, 100, 19, 81.41
2026/08/26 08:01:54.905, 3, P0, 1530, 877, 100, 20, 84.85
2026/08/26 08:01:55.007, 0, P0, 1530, 877, 100, 21, 82.97
2026/08/26 08:01:55.009, 1, P0, 1530, 877, 100, 21, 79.68
2026/08/26 08:01:55.010, 2, P0, 1530, 877, 100, 19, 80.44
2026/08/26 08:01:55.012, 3, P0, 1530, 877, 100, 20, 83.40
2026/08/26 08:01:55.114, 0, P0, 1530, 877, 100, 21, 81.03
2026/08/26 08:01:55.116, 1, P0, 1530, 877, 100, 21, 81.14
2026/08/26 08:01:55.118, 2, P0, 1530, 877, 100, 19, 81.41
2026/08/26 08:01:55.120, 3, P0, 1530, 877, 100, 20, 85.33
2026/08/26 08:01:55.221, 0, P0, 1530, 877, 100, 20, 82.97
2026/08/26 08:01:55.224, 1, P0, 1530, 877, 100, 21, 79.68
2026/08/26 08:01:55.225, 2, P0, 1530, 877, 100, 19, 80.92
2026/08/26 08:01:55.227, 3, P0, 1530, 877, 100, 20, 83.40
2026/08/26 08:01:55.329, 0, P0, 1530, 877, 100, 21, 81.51
2026/08/26 08:01:55.331, 1, P0, 1530, 877, 100, 21, 81.62
2026/08/26 08:01:55.333, 2, P0, 1530, 877, 100, 19, 81.41
2026/08/26 08:01:55.334, 3, P0, 1530, 877, 100, 20, 84.85
2026/08/26 08:01:55.436, 0, P0, 1530, 877, 100, 21, 82.48
2026/08/26 08:01:55.438, 1, P0, 1530, 877, 100, 21, 79.20
2026/08/26 08:01:55.440, 2, P0, 1530, 877, 100, 19, 80.92
2026/08/26 08:01:55.442, 3, P0, 1530, 877, 100, 20, 83.40
2026/08/26 08:01:55.544, 0, P0, 1530, 877, 100, 21, 81.51
2026/08/26 08:01:55.546, 1, P0, 1530, 877, 100, 21, 81.62
2026/08/26 08:01:55.547, 2, P0, 1530, 877, 100, 19, 81.41
2026/08/26 08:01:55.549, 3, P0, 1530, 877, 100, 20, 84.85
2026/08/26 08:01:55.651, 0, P0, 1530, 877, 100, 21, 82.48
2026/08/26 08:01:55.653, 1, P0, 1530, 877, 100, 21, 79.20
2026/08/26 08:01:55.655, 2, P0, 1530, 877, 100, 19, 80.92
2026/08/26 08:01:55.656, 3, P0, 1530, 877, 100, 20, 83.40
2026/08/26 08:01:55.758, 0, P0, 1530, 877, 100, 21, 82.00
2026/08/26 08:01:55.760, 1, P0, 1530, 877, 100, 21, 82.11
2026/08/26 08:01:55.762, 2, P0, 1530, 877, 100, 19, 81.41
2026/08/26 08:01:55.764, 3, P0, 1530, 877, 100, 20, 84.85
2026/08/26 08:01:55.867, 0, P0, 1530, 877, 100, 21, 82.48
2026/08/26 08:01:55.869, 1, P0, 1530, 877, 100, 21, 79.20
2026/08/26 08:01:55.870, 2, P0, 1530, 877, 100, 19, 80.92
2026/08/26 08:01:55.872, 3, P0, 1530, 877, 100, 20, 83.40
2026/08/26 08:01:55.974, 0, P0, 1530, 877, 100, 21, 81.03
2026/08/26 08:01:55.977, 1, P0, 1530, 877, 100, 21, 81.62
2026/08/26 08:01:55.979, 2, P0, 1530, 877, 100, 19, 81.41
2026/08/26 08:01:55.981, 3, P0, 1530, 877, 100, 20, 84.85
2026/08/26 08:01:56.083, 0, P0, 1530, 877, 100, 21, 82.97
2026/08/26 08:01:56.085, 1, P0, 1530, 877, 100, 21, 79.68
2026/08/26 08:01:56.087, 2, P0, 1530, 877, 100, 19, 80.92
2026/08/26 08:01:56.090, 3, P0, 1530, 877, 100, 20, 83.40
2026/08/26 08:01:56.192, 0, P0, 1530, 877, 100, 21, 81.03
2026/08/26 08:01:56.193, 1, P0, 1530, 877, 100, 21, 80.65
2026/08/26 08:01:56.195, 2, P0, 1530, 877, 100, 19, 81.41
2026/08/26 08:01:56.197, 3, P0, 1530, 877, 100, 20, 84.85
2026/08/26 08:01:56.299, 0, P0, 1530, 877, 100, 21, 82.97
2026/08/26 08:01:56.301, 1, P0, 1530, 877, 100, 21, 79.68
2026/08/26 08:01:56.302, 2, P0, 1530, 877, 100, 19, 80.92
2026/08/26 08:01:56.304, 3, P0, 1530, 877, 100, 20, 83.40
2026/08/26 08:01:56.406, 0, P0, 1530, 877, 100, 21, 81.03
2026/08/26 08:01:56.408, 1, P0, 1530, 877, 100, 21, 81.14
2026/08/26 08:01:56.410, 2, P0, 1530, 877, 100, 19, 81.41
2026/08/26 08:01:56.411, 3, P0, 1530, 877, 100, 20, 85.33
2026/08/26 08:01:56.513, 0, P0, 1530, 877, 100, 20, 82.48
2026/08/26 08:01:56.515, 1, P0, 1530, 877, 100, 21, 79.20
2026/08/26 08:01:56.517, 2, P0, 1530, 877, 100, 19, 80.92
2026/08/26 08:01:56.519, 3, P0, 1530, 877, 100, 20, 83.40
2026/08/26 08:01:56.621, 0, P0, 1530, 877, 100, 20, 81.51
2026/08/26 08:01:56.623, 1, P0, 1530, 877, 100, 21, 81.62
2026/08/26 08:01:56.624, 2, P0, 1530, 877, 100, 19, 81.41
2026/08/26 08:01:56.626, 3, P0, 1530, 877, 100, 20, 84.85
2026/08/26 08:01:56.729, 0, P0, 1530, 877, 100, 20, 82.97
2026/08/26 08:01:56.731, 1, P0, 1530, 877, 100, 21, 79.20
2026/08/26 08:01:56.733, 2, P0, 1530, 877, 100, 19, 80.92
2026/08/26 08:01:56.734, 3, P0, 1530, 877, 100, 20, 83.40
2026/08/26 08:01:56.836, 0, P0, 1530, 877, 100, 21, 81.03
2026/08/26 08:01:56.839, 1, P0, 1530, 877, 100, 21, 80.65
2026/08/26 08:01:56.841, 2, P0, 1530, 877, 100, 19, 81.41
2026/08/26 08:01:56.843, 3, P0, 1530, 877, 100, 20, 84.85
2026/08/26 08:01:56.945, 0, P0, 1530, 877, 100, 21, 83.45
2026/08/26 08:01:56.947, 1, P0, 1530, 877, 100, 21, 80.17
2026/08/26 08:01:56.949, 2, P0, 1530, 877, 100, 19, 80.44
2026/08/26 08:01:56.950, 3, P0, 1530, 877, 100, 20, 83.40
2026/08/26 08:01:57.052, 0, P0, 1530, 877, 100, 21, 81.03
2026/08/26 08:01:57.054, 1, P0, 1530, 877, 100, 21, 81.14
2026/08/26 08:01:57.056, 2, P0, 1530, 877, 100, 19, 81.41
2026/08/26 08:01:57.058, 3, P0, 1530, 877, 100, 20, 84.85
2026/08/26 08:01:57.160, 0, P0, 1530, 877, 100, 21, 82.97
2026/08/26 08:01:57.161, 1, P0, 1530, 877, 100, 21, 79.68
2026/08/26 08:01:57.163, 2, P0, 1530, 877, 100, 19, 80.92
2026/08/26 08:01:57.165, 3, P0, 1530, 877, 100, 20, 83.40
2026/08/26 08:01:57.267, 0, P0, 1530, 877, 100, 21, 81.03
2026/08/26 08:01:57.269, 1, P0, 1530, 877, 100, 21, 81.62
2026/08/26 08:01:57.270, 2, P0, 1530, 877, 100, 19, 81.41
2026/08/26 08:01:57.272, 3, P0, 1530, 877, 100, 20, 84.85
2026/08/26 08:01:57.374, 0, P0, 1530, 877, 100, 21, 82.48
2026/08/26 08:01:57.376, 1, P0, 1530, 877, 100, 21, 79.20
2026/08/26 08:01:57.378, 2, P0, 1530, 877, 100, 19, 80.92
2026/08/26 08:01:57.379, 3, P0, 1530, 877, 100, 20, 82.91
2026/08/26 08:01:57.481, 0, P0, 1530, 877, 100, 21, 81.51
2026/08/26 08:01:57.483, 1, P0, 1530, 877, 100, 21, 81.62
2026/08/26 08:01:57.485, 2, P0, 1530, 877, 100, 19, 81.41
2026/08/26 08:01:57.487, 3, P0, 1530, 877, 100, 20, 84.85
2026/08/26 08:01:57.589, 0, P0, 1530, 877, 100, 21, 72.40
2026/08/26 08:01:57.591, 1, P0, 1530, 877, 93, 19, 70.56
2026/08/26 08:01:57.593, 2, P0, 1530, 877, 89, 16, 71.34
2026/08/26 08:01:57.595, 3, P0, 1530, 877, 94, 19, 74.30
2026/08/26 08:01:57.697, 0, P0, 1530, 877, 47, 8, 72.89
2026/08/26 08:01:57.787, 1, P0, 1530, 877, 10, 1, 70.56
2026/08/26 08:01:57.789, 2, P0, 1530, 877, 1, 0, 71.34
2026/08/26 08:01:57.791, 3, P0, 1530, 877, 10, 1, 73.81
