offsetId,offsetsUs,repeats,repetition,scenario,size,d2dAggregateGBps,backgroundAggregateGBps,d2dExit,backgroundExit,status,d2dJson,backgroundJson,d2dLog,backgroundLog
offset-0,"0,0,0,0",20,1,none,255M,176.402,NA,0,0,pass,/home/songxb26/HyLink/Cu-Hylink-Analyse/doc/results/gpu-contention/queue-phase-diagnostic/q4-source-offset/20260826T113225Z-267432/offset-0/repeats-20/repetition-1/none/d2d.json,/home/songxb26/HyLink/Cu-Hylink-Analyse/doc/results/gpu-contention/queue-phase-diagnostic/q4-source-offset/20260826T113225Z-267432/offset-0/repeats-20/repetition-1/none/background.json,/home/songxb26/HyLink/Cu-Hylink-Analyse/doc/results/gpu-contention/queue-phase-diagnostic/q4-source-offset/20260826T113225Z-267432/offset-0/repeats-20/repetition-1/none/d2d.log,NA
offset-0,"0,0,0,0",20,1,d2h-all,255M,127.784,13.953,0,0,pass,/home/songxb26/HyLink/Cu-Hylink-Analyse/doc/results/gpu-contention/queue-phase-diagnostic/q4-source-offset/20260826T113225Z-267432/offset-0/repeats-20/repetition-1/d2h-all/d2d.json,/home/songxb26/HyLink/Cu-Hylink-Analyse/doc/results/gpu-contention/queue-phase-diagnostic/q4-source-offset/20260826T113225Z-267432/offset-0/repeats-20/repetition-1/d2h-all/background.json,/home/songxb26/HyLink/Cu-Hylink-Analyse/doc/results/gpu-contention/queue-phase-diagnostic/q4-source-offset/20260826T113225Z-267432/offset-0/repeats-20/repetition-1/d2h-all/d2d.log,/home/songxb26/HyLink/Cu-Hylink-Analyse/doc/results/gpu-contention/queue-phase-diagnostic/q4-source-offset/20260826T113225Z-267432/offset-0/repeats-20/repetition-1/d2h-all/background.log
offset-0,"0,0,0,0",20,2,none,255M,179.861,NA,0,0,pass,/home/songxb26/HyLink/Cu-Hylink-Analyse/doc/results/gpu-contention/queue-phase-diagnostic/q4-source-offset/20260826T113225Z-267432/offset-0/repeats-20/repetition-2/none/d2d.json,/home/songxb26/HyLink/Cu-Hylink-Analyse/doc/results/gpu-contention/queue-phase-diagnostic/q4-source-offset/20260826T113225Z-267432/offset-0/repeats-20/repetition-2/none/background.json,/home/songxb26/HyLink/Cu-Hylink-Analyse/doc/results/gpu-contention/queue-phase-diagnostic/q4-source-offset/20260826T113225Z-267432/offset-0/repeats-20/repetition-2/none/d2d.log,NA
offset-0,"0,0,0,0",20,2,d2h-all,255M,127.887,14.629,0,0,pass,/home/songxb26/HyLink/Cu-Hylink-Analyse/doc/results/gpu-contention/queue-phase-diagnostic/q4-source-offset/20260826T113225Z-267432/offset-0/repeats-20/repetition-2/d2h-all/d2d.json,/home/songxb26/HyLink/Cu-Hylink-Analyse/doc/results/gpu-contention/queue-phase-diagnostic/q4-source-offset/20260826T113225Z-267432/offset-0/repeats-20/repetition-2/d2h-all/background.json,/home/songxb26/HyLink/Cu-Hylink-Analyse/doc/results/gpu-contention/queue-phase-diagnostic/q4-source-offset/20260826T113225Z-267432/offset-0/repeats-20/repetition-2/d2h-all/d2d.log,/home/songxb26/HyLink/Cu-Hylink-Analyse/doc/results/gpu-contention/queue-phase-diagnostic/q4-source-offset/20260826T113225Z-267432/offset-0/repeats-20/repetition-2/d2h-all/background.log
offset-0,"0,0,0,0",20,3,none,255M,179.771,NA,0,0,pass,/home/songxb26/HyLink/Cu-Hylink-Analyse/doc/results/gpu-contention/queue-phase-diagnostic/q4-source-offset/20260826T113225Z-267432/offset-0/repeats-20/repetition-3/none/d2d.json,/home/songxb26/HyLink/Cu-Hylink-Analyse/doc/results/gpu-contention/queue-phase-diagnostic/q4-source-offset/20260826T113225Z-267432/offset-0/repeats-20/repetition-3/none/background.json,/home/songxb26/HyLink/Cu-Hylink-Analyse/doc/results/gpu-contention/queue-phase-diagnostic/q4-source-offset/20260826T113225Z-267432/offset-0/repeats-20/repetition-3/none/d2d.log,NA
offset-0,"0,0,0,0",20,3,d2h-all,255M,127.924,16.332,0,0,pass,/home/songxb26/HyLink/Cu-Hylink-Analyse/doc/results/gpu-contention/queue-phase-diagnostic/q4-source-offset/20260826T113225Z-267432/offset-0/repeats-20/repetition-3/d2h-all/d2d.json,/home/songxb26/HyLink/Cu-Hylink-Analyse/doc/results/gpu-contention/queue-phase-diagnostic/q4-source-offset/20260826T113225Z-267432/offset-0/repeats-20/repetition-3/d2h-all/background.json,/home/songxb26/HyLink/Cu-Hylink-Analyse/doc/results/gpu-contention/queue-phase-diagnostic/q4-source-offset/20260826T113225Z-267432/offset-0/repeats-20/repetition-3/d2h-all/d2d.log,/home/songxb26/HyLink/Cu-Hylink-Analyse/doc/results/gpu-contention/queue-phase-diagnostic/q4-source-offset/20260826T113225Z-267432/offset-0/repeats-20/repetition-3/d2h-all/background.log
offset-0,"0,0,0,0",300,1,none,255M,188.874,NA,0,0,pass,/home/songxb26/HyLink/Cu-Hylink-Analyse/doc/results/gpu-contention/queue-phase-diagnostic/q4-source-offset/20260826T113225Z-267432/offset-0/repeats-300/repetition-1/none/d2d.json,/home/songxb26/HyLink/Cu-Hylink-Analyse/doc/results/gpu-contention/queue-phase-diagnostic/q4-source-offset/20260826T113225Z-267432/offset-0/repeats-300/repetition-1/none/background.json,/home/songxb26/HyLink/Cu-Hylink-Analyse/doc/results/gpu-contention/queue-phase-diagnostic/q4-source-offset/20260826T113225Z-267432/offset-0/repeats-300/repetition-1/none/d2d.log,NA
offset-0,"0,0,0,0",300,1,d2h-all,255M,161.968,12.766,0,0,pass,/home/songxb26/HyLink/Cu-Hylink-Analyse/doc/results/gpu-contention/queue-phase-diagnostic/q4-source-offset/20260826T113225Z-267432/offset-0/repeats-300/repetition-1/d2h-all/d2d.json,/home/songxb26/HyLink/Cu-Hylink-Analyse/doc/results/gpu-contention/queue-phase-diagnostic/q4-source-offset/20260826T113225Z-267432/offset-0/repeats-300/repetition-1/d2h-all/background.json,/home/songxb26/HyLink/Cu-Hylink-Analyse/doc/results/gpu-contention/queue-phase-diagnostic/q4-source-offset/20260826T113225Z-267432/offset-0/repeats-300/repetition-1/d2h-all/d2d.log,/home/songxb26/HyLink/Cu-Hylink-Analyse/doc/results/gpu-contention/queue-phase-diagnostic/q4-source-offset/20260826T113225Z-267432/offset-0/repeats-300/repetition-1/d2h-all/background.log
offset-0,"0,0,0,0",300,2,none,255M,188.835,NA,0,0,pass,/home/songxb26/HyLink/Cu-Hylink-Analyse/doc/results/gpu-contention/queue-phase-diagnostic/q4-source-offset/20260826T113225Z-267432/offset-0/repeats-300/repetition-2/none/d2d.json,/home/songxb26/HyLink/Cu-Hylink-Analyse/doc/results/gpu-contention/queue-phase-diagnostic/q4-source-offset/20260826T113225Z-267432/offset-0/repeats-300/repetition-2/none/background.json,/home/songxb26/HyLink/Cu-Hylink-Analyse/doc/results/gpu-contention/queue-phase-diagnostic/q4-source-offset/20260826T113225Z-267432/offset-0/repeats-300/repetition-2/none/d2d.log,NA
offset-0,"0,0,0,0",300,2,d2h-all,255M,159.623,13.115,0,0,pass,/home/songxb26/HyLink/Cu-Hylink-Analyse/doc/results/gpu-contention/queue-phase-diagnostic/q4-source-offset/20260826T113225Z-267432/offset-0/repeats-300/repetition-2/d2h-all/d2d.json,/home/songxb26/HyLink/Cu-Hylink-Analyse/doc/results/gpu-contention/queue-phase-diagnostic/q4-source-offset/20260826T113225Z-267432/offset-0/repeats-300/repetition-2/d2h-all/background.json,/home/songxb26/HyLink/Cu-Hylink-Analyse/doc/results/gpu-contention/queue-phase-diagnostic/q4-source-offset/20260826T113225Z-267432/offset-0/repeats-300/repetition-2/d2h-all/d2d.log,/home/songxb26/HyLink/Cu-Hylink-Analyse/doc/results/gpu-contention/queue-phase-diagnostic/q4-source-offset/20260826T113225Z-267432/offset-0/repeats-300/repetition-2/d2h-all/background.log
offset-0,"0,0,0,0",300,3,none,255M,188.877,NA,0,0,pass,/home/songxb26/HyLink/Cu-Hylink-Analyse/doc/results/gpu-contention/queue-phase-diagnostic/q4-source-offset/20260826T113225Z-267432/offset-0/repeats-300/repetition-3/none/d2d.json,/home/songxb26/HyLink/Cu-Hylink-Analyse/doc/results/gpu-contention/queue-phase-diagnostic/q4-source-offset/20260826T113225Z-267432/offset-0/repeats-300/repetition-3/none/background.json,/home/songxb26/HyLink/Cu-Hylink-Analyse/doc/results/gpu-contention/queue-phase-diagnostic/q4-source-offset/20260826T113225Z-267432/offset-0/repeats-300/repetition-3/none/d2d.log,NA
offset-0,"0,0,0,0",300,3,d2h-all,255M,159.525,12.666,0,0,pass,/home/songxb26/HyLink/Cu-Hylink-Analyse/doc/results/gpu-contention/queue-phase-diagnostic/q4-source-offset/20260826T113225Z-267432/offset-0/repeats-300/repetition-3/d2h-all/d2d.json,/home/songxb26/HyLink/Cu-Hylink-Analyse/doc/results/gpu-contention/queue-phase-diagnostic/q4-source-offset/20260826T113225Z-267432/offset-0/repeats-300/repetition-3/d2h-all/background.json,/home/songxb26/HyLink/Cu-Hylink-Analyse/doc/results/gpu-contention/queue-phase-diagnostic/q4-source-offset/20260826T113225Z-267432/offset-0/repeats-300/repetition-3/d2h-all/d2d.log,/home/songxb26/HyLink/Cu-Hylink-Analyse/doc/results/gpu-contention/queue-phase-diagnostic/q4-source-offset/20260826T113225Z-267432/offset-0/repeats-300/repetition-3/d2h-all/background.log
offset-1,"0,250,500,750",20,1,none,255M,179.713,NA,0,0,pass,/home/songxb26/HyLink/Cu-Hylink-Analyse/doc/results/gpu-contention/queue-phase-diagnostic/q4-source-offset/20260826T113225Z-267432/offset-1/repeats-20/repetition-1/none/d2d.json,/home/songxb26/HyLink/Cu-Hylink-Analyse/doc/results/gpu-contention/queue-phase-diagnostic/q4-source-offset/20260826T113225Z-267432/offset-1/repeats-20/repetition-1/none/background.json,/home/songxb26/HyLink/Cu-Hylink-Analyse/doc/results/gpu-contention/queue-phase-diagnostic/q4-source-offset/20260826T113225Z-267432/offset-1/repeats-20/repetition-1/none/d2d.log,NA
offset-1,"0,250,500,750",20,1,d2h-all,255M,127.634,14.214,0,0,pass,/home/songxb26/HyLink/Cu-Hylink-Analyse/doc/results/gpu-contention/queue-phase-diagnostic/q4-source-offset/20260826T113225Z-267432/offset-1/repeats-20/repetition-1/d2h-all/d2d.json,/home/songxb26/HyLink/Cu-Hylink-Analyse/doc/results/gpu-contention/queue-phase-diagnostic/q4-source-offset/20260826T113225Z-267432/offset-1/repeats-20/repetition-1/d2h-all/background.json,/home/songxb26/HyLink/Cu-Hylink-Analyse/doc/results/gpu-contention/queue-phase-diagnostic/q4-source-offset/20260826T113225Z-267432/offset-1/repeats-20/repetition-1/d2h-all/d2d.log,/home/songxb26/HyLink/Cu-Hylink-Analyse/doc/results/gpu-contention/queue-phase-diagnostic/q4-source-offset/20260826T113225Z-267432/offset-1/repeats-20/repetition-1/d2h-all/background.log
offset-1,"0,250,500,750",20,2,none,255M,179.738,NA,0,0,pass,/home/songxb26/HyLink/Cu-Hylink-Analyse/doc/results/gpu-contention/queue-phase-diagnostic/q4-source-offset/20260826T113225Z-267432/offset-1/repeats-20/repetition-2/none/d2d.json,/home/songxb26/HyLink/Cu-Hylink-Analyse/doc/results/gpu-contention/queue-phase-diagnostic/q4-source-offset/20260826T113225Z-267432/offset-1/repeats-20/repetition-2/none/background.json,/home/songxb26/HyLink/Cu-Hylink-Analyse/doc/results/gpu-contention/queue-phase-diagnostic/q4-source-offset/20260826T113225Z-267432/offset-1/repeats-20/repetition-2/none/d2d.log,NA
offset-1,"0,250,500,750",20,2,d2h-all,255M,128.001,14.840,0,0,pass,/home/songxb26/HyLink/Cu-Hylink-Analyse/doc/results/gpu-contention/queue-phase-diagnostic/q4-source-offset/20260826T113225Z-267432/offset-1/repeats-20/repetition-2/d2h-all/d2d.json,/home/songxb26/HyLink/Cu-Hylink-Analyse/doc/results/gpu-contention/queue-phase-diagnostic/q4-source-offset/20260826T113225Z-267432/offset-1/repeats-20/repetition-2/d2h-all/background.json,/home/songxb26/HyLink/Cu-Hylink-Analyse/doc/results/gpu-contention/queue-phase-diagnostic/q4-source-offset/20260826T113225Z-267432/offset-1/repeats-20/repetition-2/d2h-all/d2d.log,/home/songxb26/HyLink/Cu-Hylink-Analyse/doc/results/gpu-contention/queue-phase-diagnostic/q4-source-offset/20260826T113225Z-267432/offset-1/repeats-20/repetition-2/d2h-all/background.log
offset-1,"0,250,500,750",20,3,none,255M,179.707,NA,0,0,pass,/home/songxb26/HyLink/Cu-Hylink-Analyse/doc/results/gpu-contention/queue-phase-diagnostic/q4-source-offset/20260826T113225Z-267432/offset-1/repeats-20/repetition-3/none/d2d.json,/home/songxb26/HyLink/Cu-Hylink-Analyse/doc/results/gpu-contention/queue-phase-diagnostic/q4-source-offset/20260826T113225Z-267432/offset-1/repeats-20/repetition-3/none/background.json,/home/songxb26/HyLink/Cu-Hylink-Analyse/doc/results/gpu-contention/queue-phase-diagnostic/q4-source-offset/20260826T113225Z-267432/offset-1/repeats-20/repetition-3/none/d2d.log,NA
offset-1,"0,250,500,750",20,3,d2h-all,255M,127.865,13.095,0,0,pass,/home/songxb26/HyLink/Cu-Hylink-Analyse/doc/results/gpu-contention/queue-phase-diagnostic/q4-source-offset/20260826T113225Z-267432/offset-1/repeats-20/repetition-3/d2h-all/d2d.json,/home/songxb26/HyLink/Cu-Hylink-Analyse/doc/results/gpu-contention/queue-phase-diagnostic/q4-source-offset/20260826T113225Z-267432/offset-1/repeats-20/repetition-3/d2h-all/background.json,/home/songxb26/HyLink/Cu-Hylink-Analyse/doc/results/gpu-contention/queue-phase-diagnostic/q4-source-offset/20260826T113225Z-267432/offset-1/repeats-20/repetition-3/d2h-all/d2d.log,/home/songxb26/HyLink/Cu-Hylink-Analyse/doc/results/gpu-contention/queue-phase-diagnostic/q4-source-offset/20260826T113225Z-267432/offset-1/repeats-20/repetition-3/d2h-all/background.log
offset-1,"0,250,500,750",300,1,none,255M,188.365,NA,0,0,pass,/home/songxb26/HyLink/Cu-Hylink-Analyse/doc/results/gpu-contention/queue-phase-diagnostic/q4-source-offset/20260826T113225Z-267432/offset-1/repeats-300/repetition-1/none/d2d.json,/home/songxb26/HyLink/Cu-Hylink-Analyse/doc/results/gpu-contention/queue-phase-diagnostic/q4-source-offset/20260826T113225Z-267432/offset-1/repeats-300/repetition-1/none/background.json,/home/songxb26/HyLink/Cu-Hylink-Analyse/doc/results/gpu-contention/queue-phase-diagnostic/q4-source-offset/20260826T113225Z-267432/offset-1/repeats-300/repetition-1/none/d2d.log,NA
offset-1,"0,250,500,750",300,1,d2h-all,255M,167.872,13.420,0,0,pass,/home/songxb26/HyLink/Cu-Hylink-Analyse/doc/results/gpu-contention/queue-phase-diagnostic/q4-source-offset/20260826T113225Z-267432/offset-1/repeats-300/repetition-1/d2h-all/d2d.json,/home/songxb26/HyLink/Cu-Hylink-Analyse/doc/results/gpu-contention/queue-phase-diagnostic/q4-source-offset/20260826T113225Z-267432/offset-1/repeats-300/repetition-1/d2h-all/background.json,/home/songxb26/HyLink/Cu-Hylink-Analyse/doc/results/gpu-contention/queue-phase-diagnostic/q4-source-offset/20260826T113225Z-267432/offset-1/repeats-300/repetition-1/d2h-all/d2d.log,/home/songxb26/HyLink/Cu-Hylink-Analyse/doc/results/gpu-contention/queue-phase-diagnostic/q4-source-offset/20260826T113225Z-267432/offset-1/repeats-300/repetition-1/d2h-all/background.log
offset-1,"0,250,500,750",300,2,none,255M,190.663,NA,0,0,pass,/home/songxb26/HyLink/Cu-Hylink-Analyse/doc/results/gpu-contention/queue-phase-diagnostic/q4-source-offset/20260826T113225Z-267432/offset-1/repeats-300/repetition-2/none/d2d.json,/home/songxb26/HyLink/Cu-Hylink-Analyse/doc/results/gpu-contention/queue-phase-diagnostic/q4-source-offset/20260826T113225Z-267432/offset-1/repeats-300/repetition-2/none/background.json,/home/songxb26/HyLink/Cu-Hylink-Analyse/doc/results/gpu-contention/queue-phase-diagnostic/q4-source-offset/20260826T113225Z-267432/offset-1/repeats-300/repetition-2/none/d2d.log,NA
offset-1,"0,250,500,750",300,2,d2h-all,255M,168.388,13.101,0,0,pass,/home/songxb26/HyLink/Cu-Hylink-Analyse/doc/results/gpu-contention/queue-phase-diagnostic/q4-source-offset/20260826T113225Z-267432/offset-1/repeats-300/repetition-2/d2h-all/d2d.json,/home/songxb26/HyLink/Cu-Hylink-Analyse/doc/results/gpu-contention/queue-phase-diagnostic/q4-source-offset/20260826T113225Z-267432/offset-1/repeats-300/repetition-2/d2h-all/background.json,/home/songxb26/HyLink/Cu-Hylink-Analyse/doc/results/gpu-contention/queue-phase-diagnostic/q4-source-offset/20260826T113225Z-267432/offset-1/repeats-300/repetition-2/d2h-all/d2d.log,/home/songxb26/HyLink/Cu-Hylink-Analyse/doc/results/gpu-contention/queue-phase-diagnostic/q4-source-offset/20260826T113225Z-267432/offset-1/repeats-300/repetition-2/d2h-all/background.log
offset-1,"0,250,500,750",300,3,none,255M,190.661,NA,0,0,pass,/home/songxb26/HyLink/Cu-Hylink-Analyse/doc/results/gpu-contention/queue-phase-diagnostic/q4-source-offset/20260826T113225Z-267432/offset-1/repeats-300/repetition-3/none/d2d.json,/home/songxb26/HyLink/Cu-Hylink-Analyse/doc/results/gpu-contention/queue-phase-diagnostic/q4-source-offset/20260826T113225Z-267432/offset-1/repeats-300/repetition-3/none/background.json,/home/songxb26/HyLink/Cu-Hylink-Analyse/doc/results/gpu-contention/queue-phase-diagnostic/q4-source-offset/20260826T113225Z-267432/offset-1/repeats-300/repetition-3/none/d2d.log,NA
offset-1,"0,250,500,750",300,3,d2h-all,255M,161.111,13.157,0,0,pass,/home/songxb26/HyLink/Cu-Hylink-Analyse/doc/results/gpu-contention/queue-phase-diagnostic/q4-source-offset/20260826T113225Z-267432/offset-1/repeats-300/repetition-3/d2h-all/d2d.json,/home/songxb26/HyLink/Cu-Hylink-Analyse/doc/results/gpu-contention/queue-phase-diagnostic/q4-source-offset/20260826T113225Z-267432/offset-1/repeats-300/repetition-3/d2h-all/background.json,/home/songxb26/HyLink/Cu-Hylink-Analyse/doc/results/gpu-contention/queue-phase-diagnostic/q4-source-offset/20260826T113225Z-267432/offset-1/repeats-300/repetition-3/d2h-all/d2d.log,/home/songxb26/HyLink/Cu-Hylink-Analyse/doc/results/gpu-contention/queue-phase-diagnostic/q4-source-offset/20260826T113225Z-267432/offset-1/repeats-300/repetition-3/d2h-all/background.log
offset-2,"0,500,1000,1500",20,1,none,255M,179.722,NA,0,0,pass,/home/songxb26/HyLink/Cu-Hylink-Analyse/doc/results/gpu-contention/queue-phase-diagnostic/q4-source-offset/20260826T113225Z-267432/offset-2/repeats-20/repetition-1/none/d2d.json,/home/songxb26/HyLink/Cu-Hylink-Analyse/doc/results/gpu-contention/queue-phase-diagnostic/q4-source-offset/20260826T113225Z-267432/offset-2/repeats-20/repetition-1/none/background.json,/home/songxb26/HyLink/Cu-Hylink-Analyse/doc/results/gpu-contention/queue-phase-diagnostic/q4-source-offset/20260826T113225Z-267432/offset-2/repeats-20/repetition-1/none/d2d.log,NA
offset-2,"0,500,1000,1500",20,1,d2h-all,255M,127.963,15.041,0,0,pass,/home/songxb26/HyLink/Cu-Hylink-Analyse/doc/results/gpu-contention/queue-phase-diagnostic/q4-source-offset/20260826T113225Z-267432/offset-2/repeats-20/repetition-1/d2h-all/d2d.json,/home/songxb26/HyLink/Cu-Hylink-Analyse/doc/results/gpu-contention/queue-phase-diagnostic/q4-source-offset/20260826T113225Z-267432/offset-2/repeats-20/repetition-1/d2h-all/background.json,/home/songxb26/HyLink/Cu-Hylink-Analyse/doc/results/gpu-contention/queue-phase-diagnostic/q4-source-offset/20260826T113225Z-267432/offset-2/repeats-20/repetition-1/d2h-all/d2d.log,/home/songxb26/HyLink/Cu-Hylink-Analyse/doc/results/gpu-contention/queue-phase-diagnostic/q4-source-offset/20260826T113225Z-267432/offset-2/repeats-20/repetition-1/d2h-all/background.log
offset-2,"0,500,1000,1500",20,2,none,255M,179.736,NA,0,0,pass,/home/songxb26/HyLink/Cu-Hylink-Analyse/doc/results/gpu-contention/queue-phase-diagnostic/q4-source-offset/20260826T113225Z-267432/offset-2/repeats-20/repetition-2/none/d2d.json,/home/songxb26/HyLink/Cu-Hylink-Analyse/doc/results/gpu-contention/queue-phase-diagnostic/q4-source-offset/20260826T113225Z-267432/offset-2/repeats-20/repetition-2/none/background.json,/home/songxb26/HyLink/Cu-Hylink-Analyse/doc/results/gpu-contention/queue-phase-diagnostic/q4-source-offset/20260826T113225Z-267432/offset-2/repeats-20/repetition-2/none/d2d.log,NA
offset-2,"0,500,1000,1500",20,2,d2h-all,255M,127.795,13.120,0,0,pass,/home/songxb26/HyLink/Cu-Hylink-Analyse/doc/results/gpu-contention/queue-phase-diagnostic/q4-source-offset/20260826T113225Z-267432/offset-2/repeats-20/repetition-2/d2h-all/d2d.json,/home/songxb26/HyLink/Cu-Hylink-Analyse/doc/results/gpu-contention/queue-phase-diagnostic/q4-source-offset/20260826T113225Z-267432/offset-2/repeats-20/repetition-2/d2h-all/background.json,/home/songxb26/HyLink/Cu-Hylink-Analyse/doc/results/gpu-contention/queue-phase-diagnostic/q4-source-offset/20260826T113225Z-267432/offset-2/repeats-20/repetition-2/d2h-all/d2d.log,/home/songxb26/HyLink/Cu-Hylink-Analyse/doc/results/gpu-contention/queue-phase-diagnostic/q4-source-offset/20260826T113225Z-267432/offset-2/repeats-20/repetition-2/d2h-all/background.log
offset-2,"0,500,1000,1500",20,3,none,255M,179.758,NA,0,0,pass,/home/songxb26/HyLink/Cu-Hylink-Analyse/doc/results/gpu-contention/queue-phase-diagnostic/q4-source-offset/20260826T113225Z-267432/offset-2/repeats-20/repetition-3/none/d2d.json,/home/songxb26/HyLink/Cu-Hylink-Analyse/doc/results/gpu-contention/queue-phase-diagnostic/q4-source-offset/20260826T113225Z-267432/offset-2/repeats-20/repetition-3/none/background.json,/home/songxb26/HyLink/Cu-Hylink-Analyse/doc/results/gpu-contention/queue-phase-diagnostic/q4-source-offset/20260826T113225Z-267432/offset-2/repeats-20/repetition-3/none/d2d.log,NA
offset-2,"0,500,1000,1500",20,3,d2h-all,255M,127.908,14.805,0,0,pass,/home/songxb26/HyLink/Cu-Hylink-Analyse/doc/results/gpu-contention/queue-phase-diagnostic/q4-source-offset/20260826T113225Z-267432/offset-2/repeats-20/repetition-3/d2h-all/d2d.json,/home/songxb26/HyLink/Cu-Hylink-Analyse/doc/results/gpu-contention/queue-phase-diagnostic/q4-source-offset/20260826T113225Z-267432/offset-2/repeats-20/repetition-3/d2h-all/background.json,/home/songxb26/HyLink/Cu-Hylink-Analyse/doc/results/gpu-contention/queue-phase-diagnostic/q4-source-offset/20260826T113225Z-267432/offset-2/repeats-20/repetition-3/d2h-all/d2d.log,/home/songxb26/HyLink/Cu-Hylink-Analyse/doc/results/gpu-contention/queue-phase-diagnostic/q4-source-offset/20260826T113225Z-267432/offset-2/repeats-20/repetition-3/d2h-all/background.log
offset-2,"0,500,1000,1500",300,1,none,255M,187.706,NA,0,0,pass,/home/songxb26/HyLink/Cu-Hylink-Analyse/doc/results/gpu-contention/queue-phase-diagnostic/q4-source-offset/20260826T113225Z-267432/offset-2/repeats-300/repetition-1/none/d2d.json,/home/songxb26/HyLink/Cu-Hylink-Analyse/doc/results/gpu-contention/queue-phase-diagnostic/q4-source-offset/20260826T113225Z-267432/offset-2/repeats-300/repetition-1/none/background.json,/home/songxb26/HyLink/Cu-Hylink-Analyse/doc/results/gpu-contention/queue-phase-diagnostic/q4-source-offset/20260826T113225Z-267432/offset-2/repeats-300/repetition-1/none/d2d.log,NA
offset-2,"0,500,1000,1500",300,1,d2h-all,255M,158.252,12.539,0,0,pass,/home/songxb26/HyLink/Cu-Hylink-Analyse/doc/results/gpu-contention/queue-phase-diagnostic/q4-source-offset/20260826T113225Z-267432/offset-2/repeats-300/repetition-1/d2h-all/d2d.json,/home/songxb26/HyLink/Cu-Hylink-Analyse/doc/results/gpu-contention/queue-phase-diagnostic/q4-source-offset/20260826T113225Z-267432/offset-2/repeats-300/repetition-1/d2h-all/background.json,/home/songxb26/HyLink/Cu-Hylink-Analyse/doc/results/gpu-contention/queue-phase-diagnostic/q4-source-offset/20260826T113225Z-267432/offset-2/repeats-300/repetition-1/d2h-all/d2d.log,/home/songxb26/HyLink/Cu-Hylink-Analyse/doc/results/gpu-contention/queue-phase-diagnostic/q4-source-offset/20260826T113225Z-267432/offset-2/repeats-300/repetition-1/d2h-all/background.log
offset-2,"0,500,1000,1500",300,2,none,255M,187.707,NA,0,0,pass,/home/songxb26/HyLink/Cu-Hylink-Analyse/doc/results/gpu-contention/queue-phase-diagnostic/q4-source-offset/20260826T113225Z-267432/offset-2/repeats-300/repetition-2/none/d2d.json,/home/songxb26/HyLink/Cu-Hylink-Analyse/doc/results/gpu-contention/queue-phase-diagnostic/q4-source-offset/20260826T113225Z-267432/offset-2/repeats-300/repetition-2/none/background.json,/home/songxb26/HyLink/Cu-Hylink-Analyse/doc/results/gpu-contention/queue-phase-diagnostic/q4-source-offset/20260826T113225Z-267432/offset-2/repeats-300/repetition-2/none/d2d.log,NA
offset-2,"0,500,1000,1500",300,2,d2h-all,255M,158.232,12.433,0,0,pass,/home/songxb26/HyLink/Cu-Hylink-Analyse/doc/results/gpu-contention/queue-phase-diagnostic/q4-source-offset/20260826T113225Z-267432/offset-2/repeats-300/repetition-2/d2h-all/d2d.json,/home/songxb26/HyLink/Cu-Hylink-Analyse/doc/results/gpu-contention/queue-phase-diagnostic/q4-source-offset/20260826T113225Z-267432/offset-2/repeats-300/repetition-2/d2h-all/background.json,/home/songxb26/HyLink/Cu-Hylink-Analyse/doc/results/gpu-contention/queue-phase-diagnostic/q4-source-offset/20260826T113225Z-267432/offset-2/repeats-300/repetition-2/d2h-all/d2d.log,/home/songxb26/HyLink/Cu-Hylink-Analyse/doc/results/gpu-contention/queue-phase-diagnostic/q4-source-offset/20260826T113225Z-267432/offset-2/repeats-300/repetition-2/d2h-all/background.log
offset-2,"0,500,1000,1500",300,3,none,255M,187.610,NA,0,0,pass,/home/songxb26/HyLink/Cu-Hylink-Analyse/doc/results/gpu-contention/queue-phase-diagnostic/q4-source-offset/20260826T113225Z-267432/offset-2/repeats-300/repetition-3/none/d2d.json,/home/songxb26/HyLink/Cu-Hylink-Analyse/doc/results/gpu-contention/queue-phase-diagnostic/q4-source-offset/20260826T113225Z-267432/offset-2/repeats-300/repetition-3/none/background.json,/home/songxb26/HyLink/Cu-Hylink-Analyse/doc/results/gpu-contention/queue-phase-diagnostic/q4-source-offset/20260826T113225Z-267432/offset-2/repeats-300/repetition-3/none/d2d.log,NA
offset-2,"0,500,1000,1500",300,3,d2h-all,255M,157.957,13.435,0,0,pass,/home/songxb26/HyLink/Cu-Hylink-Analyse/doc/results/gpu-contention/queue-phase-diagnostic/q4-source-offset/20260826T113225Z-267432/offset-2/repeats-300/repetition-3/d2h-all/d2d.json,/home/songxb26/HyLink/Cu-Hylink-Analyse/doc/results/gpu-contention/queue-phase-diagnostic/q4-source-offset/20260826T113225Z-267432/offset-2/repeats-300/repetition-3/d2h-all/background.json,/home/songxb26/HyLink/Cu-Hylink-Analyse/doc/results/gpu-contention/queue-phase-diagnostic/q4-source-offset/20260826T113225Z-267432/offset-2/repeats-300/repetition-3/d2h-all/d2d.log,/home/songxb26/HyLink/Cu-Hylink-Analyse/doc/results/gpu-contention/queue-phase-diagnostic/q4-source-offset/20260826T113225Z-267432/offset-2/repeats-300/repetition-3/d2h-all/background.log
offset-3,"0,1000,2000,3000",20,1,none,255M,179.793,NA,0,0,pass,/home/songxb26/HyLink/Cu-Hylink-Analyse/doc/results/gpu-contention/queue-phase-diagnostic/q4-source-offset/20260826T113225Z-267432/offset-3/repeats-20/repetition-1/none/d2d.json,/home/songxb26/HyLink/Cu-Hylink-Analyse/doc/results/gpu-contention/queue-phase-diagnostic/q4-source-offset/20260826T113225Z-267432/offset-3/repeats-20/repetition-1/none/background.json,/home/songxb26/HyLink/Cu-Hylink-Analyse/doc/results/gpu-contention/queue-phase-diagnostic/q4-source-offset/20260826T113225Z-267432/offset-3/repeats-20/repetition-1/none/d2d.log,NA
offset-3,"0,1000,2000,3000",20,1,d2h-all,255M,127.531,15.103,0,0,pass,/home/songxb26/HyLink/Cu-Hylink-Analyse/doc/results/gpu-contention/queue-phase-diagnostic/q4-source-offset/20260826T113225Z-267432/offset-3/repeats-20/repetition-1/d2h-all/d2d.json,/home/songxb26/HyLink/Cu-Hylink-Analyse/doc/results/gpu-contention/queue-phase-diagnostic/q4-source-offset/20260826T113225Z-267432/offset-3/repeats-20/repetition-1/d2h-all/background.json,/home/songxb26/HyLink/Cu-Hylink-Analyse/doc/results/gpu-contention/queue-phase-diagnostic/q4-source-offset/20260826T113225Z-267432/offset-3/repeats-20/repetition-1/d2h-all/d2d.log,/home/songxb26/HyLink/Cu-Hylink-Analyse/doc/results/gpu-contention/queue-phase-diagnostic/q4-source-offset/20260826T113225Z-267432/offset-3/repeats-20/repetition-1/d2h-all/background.log
offset-3,"0,1000,2000,3000",20,2,none,255M,179.832,NA,0,0,pass,/home/songxb26/HyLink/Cu-Hylink-Analyse/doc/results/gpu-contention/queue-phase-diagnostic/q4-source-offset/20260826T113225Z-267432/offset-3/repeats-20/repetition-2/none/d2d.json,/home/songxb26/HyLink/Cu-Hylink-Analyse/doc/results/gpu-contention/queue-phase-diagnostic/q4-source-offset/20260826T113225Z-267432/offset-3/repeats-20/repetition-2/none/background.json,/home/songxb26/HyLink/Cu-Hylink-Analyse/doc/results/gpu-contention/queue-phase-diagnostic/q4-source-offset/20260826T113225Z-267432/offset-3/repeats-20/repetition-2/none/d2d.log,NA
offset-3,"0,1000,2000,3000",20,2,d2h-all,255M,128.082,11.994,0,0,pass,/home/songxb26/HyLink/Cu-Hylink-Analyse/doc/results/gpu-contention/queue-phase-diagnostic/q4-source-offset/20260826T113225Z-267432/offset-3/repeats-20/repetition-2/d2h-all/d2d.json,/home/songxb26/HyLink/Cu-Hylink-Analyse/doc/results/gpu-contention/queue-phase-diagnostic/q4-source-offset/20260826T113225Z-267432/offset-3/repeats-20/repetition-2/d2h-all/background.json,/home/songxb26/HyLink/Cu-Hylink-Analyse/doc/results/gpu-contention/queue-phase-diagnostic/q4-source-offset/20260826T113225Z-267432/offset-3/repeats-20/repetition-2/d2h-all/d2d.log,/home/songxb26/HyLink/Cu-Hylink-Analyse/doc/results/gpu-contention/queue-phase-diagnostic/q4-source-offset/20260826T113225Z-267432/offset-3/repeats-20/repetition-2/d2h-all/background.log
offset-3,"0,1000,2000,3000",20,3,none,255M,179.796,NA,0,0,pass,/home/songxb26/HyLink/Cu-Hylink-Analyse/doc/results/gpu-contention/queue-phase-diagnostic/q4-source-offset/20260826T113225Z-267432/offset-3/repeats-20/repetition-3/none/d2d.json,/home/songxb26/HyLink/Cu-Hylink-Analyse/doc/results/gpu-contention/queue-phase-diagnostic/q4-source-offset/20260826T113225Z-267432/offset-3/repeats-20/repetition-3/none/background.json,/home/songxb26/HyLink/Cu-Hylink-Analyse/doc/results/gpu-contention/queue-phase-diagnostic/q4-source-offset/20260826T113225Z-267432/offset-3/repeats-20/repetition-3/none/d2d.log,NA
offset-3,"0,1000,2000,3000",20,3,d2h-all,255M,128.141,15.650,0,0,pass,/home/songxb26/HyLink/Cu-Hylink-Analyse/doc/results/gpu-contention/queue-phase-diagnostic/q4-source-offset/20260826T113225Z-267432/offset-3/repeats-20/repetition-3/d2h-all/d2d.json,/home/songxb26/HyLink/Cu-Hylink-Analyse/doc/results/gpu-contention/queue-phase-diagnostic/q4-source-offset/20260826T113225Z-267432/offset-3/repeats-20/repetition-3/d2h-all/background.json,/home/songxb26/HyLink/Cu-Hylink-Analyse/doc/results/gpu-contention/queue-phase-diagnostic/q4-source-offset/20260826T113225Z-267432/offset-3/repeats-20/repetition-3/d2h-all/d2d.log,/home/songxb26/HyLink/Cu-Hylink-Analyse/doc/results/gpu-contention/queue-phase-diagnostic/q4-source-offset/20260826T113225Z-267432/offset-3/repeats-20/repetition-3/d2h-all/background.log
offset-3,"0,1000,2000,3000",300,1,none,255M,186.327,NA,0,0,pass,/home/songxb26/HyLink/Cu-Hylink-Analyse/doc/results/gpu-contention/queue-phase-diagnostic/q4-source-offset/20260826T113225Z-267432/offset-3/repeats-300/repetition-1/none/d2d.json,/home/songxb26/HyLink/Cu-Hylink-Analyse/doc/results/gpu-contention/queue-phase-diagnostic/q4-source-offset/20260826T113225Z-267432/offset-3/repeats-300/repetition-1/none/background.json,/home/songxb26/HyLink/Cu-Hylink-Analyse/doc/results/gpu-contention/queue-phase-diagnostic/q4-source-offset/20260826T113225Z-267432/offset-3/repeats-300/repetition-1/none/d2d.log,NA
offset-3,"0,1000,2000,3000",300,1,d2h-all,255M,152.692,13.175,0,0,pass,/home/songxb26/HyLink/Cu-Hylink-Analyse/doc/results/gpu-contention/queue-phase-diagnostic/q4-source-offset/20260826T113225Z-267432/offset-3/repeats-300/repetition-1/d2h-all/d2d.json,/home/songxb26/HyLink/Cu-Hylink-Analyse/doc/results/gpu-contention/queue-phase-diagnostic/q4-source-offset/20260826T113225Z-267432/offset-3/repeats-300/repetition-1/d2h-all/background.json,/home/songxb26/HyLink/Cu-Hylink-Analyse/doc/results/gpu-contention/queue-phase-diagnostic/q4-source-offset/20260826T113225Z-267432/offset-3/repeats-300/repetition-1/d2h-all/d2d.log,/home/songxb26/HyLink/Cu-Hylink-Analyse/doc/results/gpu-contention/queue-phase-diagnostic/q4-source-offset/20260826T113225Z-267432/offset-3/repeats-300/repetition-1/d2h-all/background.log
offset-3,"0,1000,2000,3000",300,2,none,255M,186.417,NA,0,0,pass,/home/songxb26/HyLink/Cu-Hylink-Analyse/doc/results/gpu-contention/queue-phase-diagnostic/q4-source-offset/20260826T113225Z-267432/offset-3/repeats-300/repetition-2/none/d2d.json,/home/songxb26/HyLink/Cu-Hylink-Analyse/doc/results/gpu-contention/queue-phase-diagnostic/q4-source-offset/20260826T113225Z-267432/offset-3/repeats-300/repetition-2/none/background.json,/home/songxb26/HyLink/Cu-Hylink-Analyse/doc/results/gpu-contention/queue-phase-diagnostic/q4-source-offset/20260826T113225Z-267432/offset-3/repeats-300/repetition-2/none/d2d.log,NA
offset-3,"0,1000,2000,3000",300,2,d2h-all,255M,152.454,12.357,0,0,pass,/home/songxb26/HyLink/Cu-Hylink-Analyse/doc/results/gpu-contention/queue-phase-diagnostic/q4-source-offset/20260826T113225Z-267432/offset-3/repeats-300/repetition-2/d2h-all/d2d.json,/home/songxb26/HyLink/Cu-Hylink-Analyse/doc/results/gpu-contention/queue-phase-diagnostic/q4-source-offset/20260826T113225Z-267432/offset-3/repeats-300/repetition-2/d2h-all/background.json,/home/songxb26/HyLink/Cu-Hylink-Analyse/doc/results/gpu-contention/queue-phase-diagnostic/q4-source-offset/20260826T113225Z-267432/offset-3/repeats-300/repetition-2/d2h-all/d2d.log,/home/songxb26/HyLink/Cu-Hylink-Analyse/doc/results/gpu-contention/queue-phase-diagnostic/q4-source-offset/20260826T113225Z-267432/offset-3/repeats-300/repetition-2/d2h-all/background.log
offset-3,"0,1000,2000,3000",300,3,none,255M,186.368,NA,0,0,pass,/home/songxb26/HyLink/Cu-Hylink-Analyse/doc/results/gpu-contention/queue-phase-diagnostic/q4-source-offset/20260826T113225Z-267432/offset-3/repeats-300/repetition-3/none/d2d.json,/home/songxb26/HyLink/Cu-Hylink-Analyse/doc/results/gpu-contention/queue-phase-diagnostic/q4-source-offset/20260826T113225Z-267432/offset-3/repeats-300/repetition-3/none/background.json,/home/songxb26/HyLink/Cu-Hylink-Analyse/doc/results/gpu-contention/queue-phase-diagnostic/q4-source-offset/20260826T113225Z-267432/offset-3/repeats-300/repetition-3/none/d2d.log,NA
offset-3,"0,1000,2000,3000",300,3,d2h-all,255M,152.486,12.800,0,0,pass,/home/songxb26/HyLink/Cu-Hylink-Analyse/doc/results/gpu-contention/queue-phase-diagnostic/q4-source-offset/20260826T113225Z-267432/offset-3/repeats-300/repetition-3/d2h-all/d2d.json,/home/songxb26/HyLink/Cu-Hylink-Analyse/doc/results/gpu-contention/queue-phase-diagnostic/q4-source-offset/20260826T113225Z-267432/offset-3/repeats-300/repetition-3/d2h-all/background.json,/home/songxb26/HyLink/Cu-Hylink-Analyse/doc/results/gpu-contention/queue-phase-diagnostic/q4-source-offset/20260826T113225Z-267432/offset-3/repeats-300/repetition-3/d2h-all/d2d.log,/home/songxb26/HyLink/Cu-Hylink-Analyse/doc/results/gpu-contention/queue-phase-diagnostic/q4-source-offset/20260826T113225Z-267432/offset-3/repeats-300/repetition-3/d2h-all/background.log
offset-4,"0,2000,4000,6000",20,1,none,255M,179.781,NA,0,0,pass,/home/songxb26/HyLink/Cu-Hylink-Analyse/doc/results/gpu-contention/queue-phase-diagnostic/q4-source-offset/20260826T113225Z-267432/offset-4/repeats-20/repetition-1/none/d2d.json,/home/songxb26/HyLink/Cu-Hylink-Analyse/doc/results/gpu-contention/queue-phase-diagnostic/q4-source-offset/20260826T113225Z-267432/offset-4/repeats-20/repetition-1/none/background.json,/home/songxb26/HyLink/Cu-Hylink-Analyse/doc/results/gpu-contention/queue-phase-diagnostic/q4-source-offset/20260826T113225Z-267432/offset-4/repeats-20/repetition-1/none/d2d.log,NA
offset-4,"0,2000,4000,6000",20,1,d2h-all,255M,127.671,14.499,0,0,pass,/home/songxb26/HyLink/Cu-Hylink-Analyse/doc/results/gpu-contention/queue-phase-diagnostic/q4-source-offset/20260826T113225Z-267432/offset-4/repeats-20/repetition-1/d2h-all/d2d.json,/home/songxb26/HyLink/Cu-Hylink-Analyse/doc/results/gpu-contention/queue-phase-diagnostic/q4-source-offset/20260826T113225Z-267432/offset-4/repeats-20/repetition-1/d2h-all/background.json,/home/songxb26/HyLink/Cu-Hylink-Analyse/doc/results/gpu-contention/queue-phase-diagnostic/q4-source-offset/20260826T113225Z-267432/offset-4/repeats-20/repetition-1/d2h-all/d2d.log,/home/songxb26/HyLink/Cu-Hylink-Analyse/doc/results/gpu-contention/queue-phase-diagnostic/q4-source-offset/20260826T113225Z-267432/offset-4/repeats-20/repetition-1/d2h-all/background.log
offset-4,"0,2000,4000,6000",20,2,none,255M,179.776,NA,0,0,pass,/home/songxb26/HyLink/Cu-Hylink-Analyse/doc/results/gpu-contention/queue-phase-diagnostic/q4-source-offset/20260826T113225Z-267432/offset-4/repeats-20/repetition-2/none/d2d.json,/home/songxb26/HyLink/Cu-Hylink-Analyse/doc/results/gpu-contention/queue-phase-diagnostic/q4-source-offset/20260826T113225Z-267432/offset-4/repeats-20/repetition-2/none/background.json,/home/songxb26/HyLink/Cu-Hylink-Analyse/doc/results/gpu-contention/queue-phase-diagnostic/q4-source-offset/20260826T113225Z-267432/offset-4/repeats-20/repetition-2/none/d2d.log,NA
offset-4,"0,2000,4000,6000",20,2,d2h-all,255M,128.128,16.039,0,0,pass,/home/songxb26/HyLink/Cu-Hylink-Analyse/doc/results/gpu-contention/queue-phase-diagnostic/q4-source-offset/20260826T113225Z-267432/offset-4/repeats-20/repetition-2/d2h-all/d2d.json,/home/songxb26/HyLink/Cu-Hylink-Analyse/doc/results/gpu-contention/queue-phase-diagnostic/q4-source-offset/20260826T113225Z-267432/offset-4/repeats-20/repetition-2/d2h-all/background.json,/home/songxb26/HyLink/Cu-Hylink-Analyse/doc/results/gpu-contention/queue-phase-diagnostic/q4-source-offset/20260826T113225Z-267432/offset-4/repeats-20/repetition-2/d2h-all/d2d.log,/home/songxb26/HyLink/Cu-Hylink-Analyse/doc/results/gpu-contention/queue-phase-diagnostic/q4-source-offset/20260826T113225Z-267432/offset-4/repeats-20/repetition-2/d2h-all/background.log
offset-4,"0,2000,4000,6000",20,3,none,255M,179.784,NA,0,0,pass,/home/songxb26/HyLink/Cu-Hylink-Analyse/doc/results/gpu-contention/queue-phase-diagnostic/q4-source-offset/20260826T113225Z-267432/offset-4/repeats-20/repetition-3/none/d2d.json,/home/songxb26/HyLink/Cu-Hylink-Analyse/doc/results/gpu-contention/queue-phase-diagnostic/q4-source-offset/20260826T113225Z-267432/offset-4/repeats-20/repetition-3/none/background.json,/home/songxb26/HyLink/Cu-Hylink-Analyse/doc/results/gpu-contention/queue-phase-diagnostic/q4-source-offset/20260826T113225Z-267432/offset-4/repeats-20/repetition-3/none/d2d.log,NA
offset-4,"0,2000,4000,6000",20,3,d2h-all,255M,127.731,14.035,0,0,pass,/home/songxb26/HyLink/Cu-Hylink-Analyse/doc/results/gpu-contention/queue-phase-diagnostic/q4-source-offset/20260826T113225Z-267432/offset-4/repeats-20/repetition-3/d2h-all/d2d.json,/home/songxb26/HyLink/Cu-Hylink-Analyse/doc/results/gpu-contention/queue-phase-diagnostic/q4-source-offset/20260826T113225Z-267432/offset-4/repeats-20/repetition-3/d2h-all/background.json,/home/songxb26/HyLink/Cu-Hylink-Analyse/doc/results/gpu-contention/queue-phase-diagnostic/q4-source-offset/20260826T113225Z-267432/offset-4/repeats-20/repetition-3/d2h-all/d2d.log,/home/songxb26/HyLink/Cu-Hylink-Analyse/doc/results/gpu-contention/queue-phase-diagnostic/q4-source-offset/20260826T113225Z-267432/offset-4/repeats-20/repetition-3/d2h-all/background.log
offset-4,"0,2000,4000,6000",300,1,none,255M,183.934,NA,0,0,pass,/home/songxb26/HyLink/Cu-Hylink-Analyse/doc/results/gpu-contention/queue-phase-diagnostic/q4-source-offset/20260826T113225Z-267432/offset-4/repeats-300/repetition-1/none/d2d.json,/home/songxb26/HyLink/Cu-Hylink-Analyse/doc/results/gpu-contention/queue-phase-diagnostic/q4-source-offset/20260826T113225Z-267432/offset-4/repeats-300/repetition-1/none/background.json,/home/songxb26/HyLink/Cu-Hylink-Analyse/doc/results/gpu-contention/queue-phase-diagnostic/q4-source-offset/20260826T113225Z-267432/offset-4/repeats-300/repetition-1/none/d2d.log,NA
offset-4,"0,2000,4000,6000",300,1,d2h-all,255M,142.294,13.296,0,0,pass,/home/songxb26/HyLink/Cu-Hylink-Analyse/doc/results/gpu-contention/queue-phase-diagnostic/q4-source-offset/20260826T113225Z-267432/offset-4/repeats-300/repetition-1/d2h-all/d2d.json,/home/songxb26/HyLink/Cu-Hylink-Analyse/doc/results/gpu-contention/queue-phase-diagnostic/q4-source-offset/20260826T113225Z-267432/offset-4/repeats-300/repetition-1/d2h-all/background.json,/home/songxb26/HyLink/Cu-Hylink-Analyse/doc/results/gpu-contention/queue-phase-diagnostic/q4-source-offset/20260826T113225Z-267432/offset-4/repeats-300/repetition-1/d2h-all/d2d.log,/home/songxb26/HyLink/Cu-Hylink-Analyse/doc/results/gpu-contention/queue-phase-diagnostic/q4-source-offset/20260826T113225Z-267432/offset-4/repeats-300/repetition-1/d2h-all/background.log
offset-4,"0,2000,4000,6000",300,2,none,255M,183.909,NA,0,0,pass,/home/songxb26/HyLink/Cu-Hylink-Analyse/doc/results/gpu-contention/queue-phase-diagnostic/q4-source-offset/20260826T113225Z-267432/offset-4/repeats-300/repetition-2/none/d2d.json,/home/songxb26/HyLink/Cu-Hylink-Analyse/doc/results/gpu-contention/queue-phase-diagnostic/q4-source-offset/20260826T113225Z-267432/offset-4/repeats-300/repetition-2/none/background.json,/home/songxb26/HyLink/Cu-Hylink-Analyse/doc/results/gpu-contention/queue-phase-diagnostic/q4-source-offset/20260826T113225Z-267432/offset-4/repeats-300/repetition-2/none/d2d.log,NA
offset-4,"0,2000,4000,6000",300,2,d2h-all,255M,150.746,12.306,0,0,pass,/home/songxb26/HyLink/Cu-Hylink-Analyse/doc/results/gpu-contention/queue-phase-diagnostic/q4-source-offset/20260826T113225Z-267432/offset-4/repeats-300/repetition-2/d2h-all/d2d.json,/home/songxb26/HyLink/Cu-Hylink-Analyse/doc/results/gpu-contention/queue-phase-diagnostic/q4-source-offset/20260826T113225Z-267432/offset-4/repeats-300/repetition-2/d2h-all/background.json,/home/songxb26/HyLink/Cu-Hylink-Analyse/doc/results/gpu-contention/queue-phase-diagnostic/q4-source-offset/20260826T113225Z-267432/offset-4/repeats-300/repetition-2/d2h-all/d2d.log,/home/songxb26/HyLink/Cu-Hylink-Analyse/doc/results/gpu-contention/queue-phase-diagnostic/q4-source-offset/20260826T113225Z-267432/offset-4/repeats-300/repetition-2/d2h-all/background.log
offset-4,"0,2000,4000,6000",300,3,none,255M,187.472,NA,0,0,pass,/home/songxb26/HyLink/Cu-Hylink-Analyse/doc/results/gpu-contention/queue-phase-diagnostic/q4-source-offset/20260826T113225Z-267432/offset-4/repeats-300/repetition-3/none/d2d.json,/home/songxb26/HyLink/Cu-Hylink-Analyse/doc/results/gpu-contention/queue-phase-diagnostic/q4-source-offset/20260826T113225Z-267432/offset-4/repeats-300/repetition-3/none/background.json,/home/songxb26/HyLink/Cu-Hylink-Analyse/doc/results/gpu-contention/queue-phase-diagnostic/q4-source-offset/20260826T113225Z-267432/offset-4/repeats-300/repetition-3/none/d2d.log,NA
offset-4,"0,2000,4000,6000",300,3,d2h-all,255M,154.093,13.406,0,0,pass,/home/songxb26/HyLink/Cu-Hylink-Analyse/doc/results/gpu-contention/queue-phase-diagnostic/q4-source-offset/20260826T113225Z-267432/offset-4/repeats-300/repetition-3/d2h-all/d2d.json,/home/songxb26/HyLink/Cu-Hylink-Analyse/doc/results/gpu-contention/queue-phase-diagnostic/q4-source-offset/20260826T113225Z-267432/offset-4/repeats-300/repetition-3/d2h-all/background.json,/home/songxb26/HyLink/Cu-Hylink-Analyse/doc/results/gpu-contention/queue-phase-diagnostic/q4-source-offset/20260826T113225Z-267432/offset-4/repeats-300/repetition-3/d2h-all/d2d.log,/home/songxb26/HyLink/Cu-Hylink-Analyse/doc/results/gpu-contention/queue-phase-diagnostic/q4-source-offset/20260826T113225Z-267432/offset-4/repeats-300/repetition-3/d2h-all/background.log
offset-5,"0,4000,8000,12000",20,1,none,255M,179.824,NA,0,0,pass,/home/songxb26/HyLink/Cu-Hylink-Analyse/doc/results/gpu-contention/queue-phase-diagnostic/q4-source-offset/20260826T113225Z-267432/offset-5/repeats-20/repetition-1/none/d2d.json,/home/songxb26/HyLink/Cu-Hylink-Analyse/doc/results/gpu-contention/queue-phase-diagnostic/q4-source-offset/20260826T113225Z-267432/offset-5/repeats-20/repetition-1/none/background.json,/home/songxb26/HyLink/Cu-Hylink-Analyse/doc/results/gpu-contention/queue-phase-diagnostic/q4-source-offset/20260826T113225Z-267432/offset-5/repeats-20/repetition-1/none/d2d.log,NA
offset-5,"0,4000,8000,12000",20,1,d2h-all,255M,127.836,15.422,0,0,pass,/home/songxb26/HyLink/Cu-Hylink-Analyse/doc/results/gpu-contention/queue-phase-diagnostic/q4-source-offset/20260826T113225Z-267432/offset-5/repeats-20/repetition-1/d2h-all/d2d.json,/home/songxb26/HyLink/Cu-Hylink-Analyse/doc/results/gpu-contention/queue-phase-diagnostic/q4-source-offset/20260826T113225Z-267432/offset-5/repeats-20/repetition-1/d2h-all/background.json,/home/songxb26/HyLink/Cu-Hylink-Analyse/doc/results/gpu-contention/queue-phase-diagnostic/q4-source-offset/20260826T113225Z-267432/offset-5/repeats-20/repetition-1/d2h-all/d2d.log,/home/songxb26/HyLink/Cu-Hylink-Analyse/doc/results/gpu-contention/queue-phase-diagnostic/q4-source-offset/20260826T113225Z-267432/offset-5/repeats-20/repetition-1/d2h-all/background.log
offset-5,"0,4000,8000,12000",20,2,none,255M,179.815,NA,0,0,pass,/home/songxb26/HyLink/Cu-Hylink-Analyse/doc/results/gpu-contention/queue-phase-diagnostic/q4-source-offset/20260826T113225Z-267432/offset-5/repeats-20/repetition-2/none/d2d.json,/home/songxb26/HyLink/Cu-Hylink-Analyse/doc/results/gpu-contention/queue-phase-diagnostic/q4-source-offset/20260826T113225Z-267432/offset-5/repeats-20/repetition-2/none/background.json,/home/songxb26/HyLink/Cu-Hylink-Analyse/doc/results/gpu-contention/queue-phase-diagnostic/q4-source-offset/20260826T113225Z-267432/offset-5/repeats-20/repetition-2/none/d2d.log,NA
offset-5,"0,4000,8000,12000",20,2,d2h-all,255M,127.642,15.428,0,0,pass,/home/songxb26/HyLink/Cu-Hylink-Analyse/doc/results/gpu-contention/queue-phase-diagnostic/q4-source-offset/20260826T113225Z-267432/offset-5/repeats-20/repetition-2/d2h-all/d2d.json,/home/songxb26/HyLink/Cu-Hylink-Analyse/doc/results/gpu-contention/queue-phase-diagnostic/q4-source-offset/20260826T113225Z-267432/offset-5/repeats-20/repetition-2/d2h-all/background.json,/home/songxb26/HyLink/Cu-Hylink-Analyse/doc/results/gpu-contention/queue-phase-diagnostic/q4-source-offset/20260826T113225Z-267432/offset-5/repeats-20/repetition-2/d2h-all/d2d.log,/home/songxb26/HyLink/Cu-Hylink-Analyse/doc/results/gpu-contention/queue-phase-diagnostic/q4-source-offset/20260826T113225Z-267432/offset-5/repeats-20/repetition-2/d2h-all/background.log
offset-5,"0,4000,8000,12000",20,3,none,255M,179.820,NA,0,0,pass,/home/songxb26/HyLink/Cu-Hylink-Analyse/doc/results/gpu-contention/queue-phase-diagnostic/q4-source-offset/20260826T113225Z-267432/offset-5/repeats-20/repetition-3/none/d2d.json,/home/songxb26/HyLink/Cu-Hylink-Analyse/doc/results/gpu-contention/queue-phase-diagnostic/q4-source-offset/20260826T113225Z-267432/offset-5/repeats-20/repetition-3/none/background.json,/home/songxb26/HyLink/Cu-Hylink-Analyse/doc/results/gpu-contention/queue-phase-diagnostic/q4-source-offset/20260826T113225Z-267432/offset-5/repeats-20/repetition-3/none/d2d.log,NA
offset-5,"0,4000,8000,12000",20,3,d2h-all,255M,127.815,14.521,0,0,pass,/home/songxb26/HyLink/Cu-Hylink-Analyse/doc/results/gpu-contention/queue-phase-diagnostic/q4-source-offset/20260826T113225Z-267432/offset-5/repeats-20/repetition-3/d2h-all/d2d.json,/home/songxb26/HyLink/Cu-Hylink-Analyse/doc/results/gpu-contention/queue-phase-diagnostic/q4-source-offset/20260826T113225Z-267432/offset-5/repeats-20/repetition-3/d2h-all/background.json,/home/songxb26/HyLink/Cu-Hylink-Analyse/doc/results/gpu-contention/queue-phase-diagnostic/q4-source-offset/20260826T113225Z-267432/offset-5/repeats-20/repetition-3/d2h-all/d2d.log,/home/songxb26/HyLink/Cu-Hylink-Analyse/doc/results/gpu-contention/queue-phase-diagnostic/q4-source-offset/20260826T113225Z-267432/offset-5/repeats-20/repetition-3/d2h-all/background.log
offset-5,"0,4000,8000,12000",300,1,none,255M,179.901,NA,0,0,pass,/home/songxb26/HyLink/Cu-Hylink-Analyse/doc/results/gpu-contention/queue-phase-diagnostic/q4-source-offset/20260826T113225Z-267432/offset-5/repeats-300/repetition-1/none/d2d.json,/home/songxb26/HyLink/Cu-Hylink-Analyse/doc/results/gpu-contention/queue-phase-diagnostic/q4-source-offset/20260826T113225Z-267432/offset-5/repeats-300/repetition-1/none/background.json,/home/songxb26/HyLink/Cu-Hylink-Analyse/doc/results/gpu-contention/queue-phase-diagnostic/q4-source-offset/20260826T113225Z-267432/offset-5/repeats-300/repetition-1/none/d2d.log,NA
offset-5,"0,4000,8000,12000",300,1,d2h-all,255M,127.584,12.686,0,0,pass,/home/songxb26/HyLink/Cu-Hylink-Analyse/doc/results/gpu-contention/queue-phase-diagnostic/q4-source-offset/20260826T113225Z-267432/offset-5/repeats-300/repetition-1/d2h-all/d2d.json,/home/songxb26/HyLink/Cu-Hylink-Analyse/doc/results/gpu-contention/queue-phase-diagnostic/q4-source-offset/20260826T113225Z-267432/offset-5/repeats-300/repetition-1/d2h-all/background.json,/home/songxb26/HyLink/Cu-Hylink-Analyse/doc/results/gpu-contention/queue-phase-diagnostic/q4-source-offset/20260826T113225Z-267432/offset-5/repeats-300/repetition-1/d2h-all/d2d.log,/home/songxb26/HyLink/Cu-Hylink-Analyse/doc/results/gpu-contention/queue-phase-diagnostic/q4-source-offset/20260826T113225Z-267432/offset-5/repeats-300/repetition-1/d2h-all/background.log
offset-5,"0,4000,8000,12000",300,2,none,255M,184.463,NA,0,0,pass,/home/songxb26/HyLink/Cu-Hylink-Analyse/doc/results/gpu-contention/queue-phase-diagnostic/q4-source-offset/20260826T113225Z-267432/offset-5/repeats-300/repetition-2/none/d2d.json,/home/songxb26/HyLink/Cu-Hylink-Analyse/doc/results/gpu-contention/queue-phase-diagnostic/q4-source-offset/20260826T113225Z-267432/offset-5/repeats-300/repetition-2/none/background.json,/home/songxb26/HyLink/Cu-Hylink-Analyse/doc/results/gpu-contention/queue-phase-diagnostic/q4-source-offset/20260826T113225Z-267432/offset-5/repeats-300/repetition-2/none/d2d.log,NA
offset-5,"0,4000,8000,12000",300,2,d2h-all,255M,138.707,12.832,0,0,pass,/home/songxb26/HyLink/Cu-Hylink-Analyse/doc/results/gpu-contention/queue-phase-diagnostic/q4-source-offset/20260826T113225Z-267432/offset-5/repeats-300/repetition-2/d2h-all/d2d.json,/home/songxb26/HyLink/Cu-Hylink-Analyse/doc/results/gpu-contention/queue-phase-diagnostic/q4-source-offset/20260826T113225Z-267432/offset-5/repeats-300/repetition-2/d2h-all/background.json,/home/songxb26/HyLink/Cu-Hylink-Analyse/doc/results/gpu-contention/queue-phase-diagnostic/q4-source-offset/20260826T113225Z-267432/offset-5/repeats-300/repetition-2/d2h-all/d2d.log,/home/songxb26/HyLink/Cu-Hylink-Analyse/doc/results/gpu-contention/queue-phase-diagnostic/q4-source-offset/20260826T113225Z-267432/offset-5/repeats-300/repetition-2/d2h-all/background.log
offset-5,"0,4000,8000,12000",300,3,none,255M,179.913,NA,0,0,pass,/home/songxb26/HyLink/Cu-Hylink-Analyse/doc/results/gpu-contention/queue-phase-diagnostic/q4-source-offset/20260826T113225Z-267432/offset-5/repeats-300/repetition-3/none/d2d.json,/home/songxb26/HyLink/Cu-Hylink-Analyse/doc/results/gpu-contention/queue-phase-diagnostic/q4-source-offset/20260826T113225Z-267432/offset-5/repeats-300/repetition-3/none/background.json,/home/songxb26/HyLink/Cu-Hylink-Analyse/doc/results/gpu-contention/queue-phase-diagnostic/q4-source-offset/20260826T113225Z-267432/offset-5/repeats-300/repetition-3/none/d2d.log,NA
offset-5,"0,4000,8000,12000",300,3,d2h-all,255M,145.331,13.883,0,0,pass,/home/songxb26/HyLink/Cu-Hylink-Analyse/doc/results/gpu-contention/queue-phase-diagnostic/q4-source-offset/20260826T113225Z-267432/offset-5/repeats-300/repetition-3/d2h-all/d2d.json,/home/songxb26/HyLink/Cu-Hylink-Analyse/doc/results/gpu-contention/queue-phase-diagnostic/q4-source-offset/20260826T113225Z-267432/offset-5/repeats-300/repetition-3/d2h-all/background.json,/home/songxb26/HyLink/Cu-Hylink-Analyse/doc/results/gpu-contention/queue-phase-diagnostic/q4-source-offset/20260826T113225Z-267432/offset-5/repeats-300/repetition-3/d2h-all/d2d.log,/home/songxb26/HyLink/Cu-Hylink-Analyse/doc/results/gpu-contention/queue-phase-diagnostic/q4-source-offset/20260826T113225Z-267432/offset-5/repeats-300/repetition-3/d2h-all/background.log
