permutationId,permutation,repeats,repetition,scenario,size,d2dAggregateGBps,backgroundAggregateGBps,d2dExit,backgroundExit,status,d2dJson,backgroundJson,d2dLog,backgroundLog
012,"0,1,2",20,1,none,255M,175.918,NA,0,0,pass,/home/songxb26/HyLink/Cu-Hylink-Analyse/doc/results/gpu-contention/queue-phase-diagnostic/q3-edge-permutation/20260826T110853Z-249443/permutation-012/repeats-20/repetition-1/none/d2d.json,/home/songxb26/HyLink/Cu-Hylink-Analyse/doc/results/gpu-contention/queue-phase-diagnostic/q3-edge-permutation/20260826T110853Z-249443/permutation-012/repeats-20/repetition-1/none/background.json,/home/songxb26/HyLink/Cu-Hylink-Analyse/doc/results/gpu-contention/queue-phase-diagnostic/q3-edge-permutation/20260826T110853Z-249443/permutation-012/repeats-20/repetition-1/none/d2d.log,NA
012,"0,1,2",20,1,d2h-all,255M,127.895,15.226,0,0,pass,/home/songxb26/HyLink/Cu-Hylink-Analyse/doc/results/gpu-contention/queue-phase-diagnostic/q3-edge-permutation/20260826T110853Z-249443/permutation-012/repeats-20/repetition-1/d2h-all/d2d.json,/home/songxb26/HyLink/Cu-Hylink-Analyse/doc/results/gpu-contention/queue-phase-diagnostic/q3-edge-permutation/20260826T110853Z-249443/permutation-012/repeats-20/repetition-1/d2h-all/background.json,/home/songxb26/HyLink/Cu-Hylink-Analyse/doc/results/gpu-contention/queue-phase-diagnostic/q3-edge-permutation/20260826T110853Z-249443/permutation-012/repeats-20/repetition-1/d2h-all/d2d.log,/home/songxb26/HyLink/Cu-Hylink-Analyse/doc/results/gpu-contention/queue-phase-diagnostic/q3-edge-permutation/20260826T110853Z-249443/permutation-012/repeats-20/repetition-1/d2h-all/background.log
012,"0,1,2",20,2,none,255M,179.823,NA,0,0,pass,/home/songxb26/HyLink/Cu-Hylink-Analyse/doc/results/gpu-contention/queue-phase-diagnostic/q3-edge-permutation/20260826T110853Z-249443/permutation-012/repeats-20/repetition-2/none/d2d.json,/home/songxb26/HyLink/Cu-Hylink-Analyse/doc/results/gpu-contention/queue-phase-diagnostic/q3-edge-permutation/20260826T110853Z-249443/permutation-012/repeats-20/repetition-2/none/background.json,/home/songxb26/HyLink/Cu-Hylink-Analyse/doc/results/gpu-contention/queue-phase-diagnostic/q3-edge-permutation/20260826T110853Z-249443/permutation-012/repeats-20/repetition-2/none/d2d.log,NA
012,"0,1,2",20,2,d2h-all,255M,127.943,14.716,0,0,pass,/home/songxb26/HyLink/Cu-Hylink-Analyse/doc/results/gpu-contention/queue-phase-diagnostic/q3-edge-permutation/20260826T110853Z-249443/permutation-012/repeats-20/repetition-2/d2h-all/d2d.json,/home/songxb26/HyLink/Cu-Hylink-Analyse/doc/results/gpu-contention/queue-phase-diagnostic/q3-edge-permutation/20260826T110853Z-249443/permutation-012/repeats-20/repetition-2/d2h-all/background.json,/home/songxb26/HyLink/Cu-Hylink-Analyse/doc/results/gpu-contention/queue-phase-diagnostic/q3-edge-permutation/20260826T110853Z-249443/permutation-012/repeats-20/repetition-2/d2h-all/d2d.log,/home/songxb26/HyLink/Cu-Hylink-Analyse/doc/results/gpu-contention/queue-phase-diagnostic/q3-edge-permutation/20260826T110853Z-249443/permutation-012/repeats-20/repetition-2/d2h-all/background.log
012,"0,1,2",20,3,none,255M,179.825,NA,0,0,pass,/home/songxb26/HyLink/Cu-Hylink-Analyse/doc/results/gpu-contention/queue-phase-diagnostic/q3-edge-permutation/20260826T110853Z-249443/permutation-012/repeats-20/repetition-3/none/d2d.json,/home/songxb26/HyLink/Cu-Hylink-Analyse/doc/results/gpu-contention/queue-phase-diagnostic/q3-edge-permutation/20260826T110853Z-249443/permutation-012/repeats-20/repetition-3/none/background.json,/home/songxb26/HyLink/Cu-Hylink-Analyse/doc/results/gpu-contention/queue-phase-diagnostic/q3-edge-permutation/20260826T110853Z-249443/permutation-012/repeats-20/repetition-3/none/d2d.log,NA
012,"0,1,2",20,3,d2h-all,255M,127.625,15.432,0,0,pass,/home/songxb26/HyLink/Cu-Hylink-Analyse/doc/results/gpu-contention/queue-phase-diagnostic/q3-edge-permutation/20260826T110853Z-249443/permutation-012/repeats-20/repetition-3/d2h-all/d2d.json,/home/songxb26/HyLink/Cu-Hylink-Analyse/doc/results/gpu-contention/queue-phase-diagnostic/q3-edge-permutation/20260826T110853Z-249443/permutation-012/repeats-20/repetition-3/d2h-all/background.json,/home/songxb26/HyLink/Cu-Hylink-Analyse/doc/results/gpu-contention/queue-phase-diagnostic/q3-edge-permutation/20260826T110853Z-249443/permutation-012/repeats-20/repetition-3/d2h-all/d2d.log,/home/songxb26/HyLink/Cu-Hylink-Analyse/doc/results/gpu-contention/queue-phase-diagnostic/q3-edge-permutation/20260826T110853Z-249443/permutation-012/repeats-20/repetition-3/d2h-all/background.log
012,"0,1,2",300,1,none,255M,188.916,NA,0,0,pass,/home/songxb26/HyLink/Cu-Hylink-Analyse/doc/results/gpu-contention/queue-phase-diagnostic/q3-edge-permutation/20260826T110853Z-249443/permutation-012/repeats-300/repetition-1/none/d2d.json,/home/songxb26/HyLink/Cu-Hylink-Analyse/doc/results/gpu-contention/queue-phase-diagnostic/q3-edge-permutation/20260826T110853Z-249443/permutation-012/repeats-300/repetition-1/none/background.json,/home/songxb26/HyLink/Cu-Hylink-Analyse/doc/results/gpu-contention/queue-phase-diagnostic/q3-edge-permutation/20260826T110853Z-249443/permutation-012/repeats-300/repetition-1/none/d2d.log,NA
012,"0,1,2",300,1,d2h-all,255M,160.399,12.309,0,0,pass,/home/songxb26/HyLink/Cu-Hylink-Analyse/doc/results/gpu-contention/queue-phase-diagnostic/q3-edge-permutation/20260826T110853Z-249443/permutation-012/repeats-300/repetition-1/d2h-all/d2d.json,/home/songxb26/HyLink/Cu-Hylink-Analyse/doc/results/gpu-contention/queue-phase-diagnostic/q3-edge-permutation/20260826T110853Z-249443/permutation-012/repeats-300/repetition-1/d2h-all/background.json,/home/songxb26/HyLink/Cu-Hylink-Analyse/doc/results/gpu-contention/queue-phase-diagnostic/q3-edge-permutation/20260826T110853Z-249443/permutation-012/repeats-300/repetition-1/d2h-all/d2d.log,/home/songxb26/HyLink/Cu-Hylink-Analyse/doc/results/gpu-contention/queue-phase-diagnostic/q3-edge-permutation/20260826T110853Z-249443/permutation-012/repeats-300/repetition-1/d2h-all/background.log
012,"0,1,2",300,2,none,255M,188.919,NA,0,0,pass,/home/songxb26/HyLink/Cu-Hylink-Analyse/doc/results/gpu-contention/queue-phase-diagnostic/q3-edge-permutation/20260826T110853Z-249443/permutation-012/repeats-300/repetition-2/none/d2d.json,/home/songxb26/HyLink/Cu-Hylink-Analyse/doc/results/gpu-contention/queue-phase-diagnostic/q3-edge-permutation/20260826T110853Z-249443/permutation-012/repeats-300/repetition-2/none/background.json,/home/songxb26/HyLink/Cu-Hylink-Analyse/doc/results/gpu-contention/queue-phase-diagnostic/q3-edge-permutation/20260826T110853Z-249443/permutation-012/repeats-300/repetition-2/none/d2d.log,NA
012,"0,1,2",300,2,d2h-all,255M,160.693,12.907,0,0,pass,/home/songxb26/HyLink/Cu-Hylink-Analyse/doc/results/gpu-contention/queue-phase-diagnostic/q3-edge-permutation/20260826T110853Z-249443/permutation-012/repeats-300/repetition-2/d2h-all/d2d.json,/home/songxb26/HyLink/Cu-Hylink-Analyse/doc/results/gpu-contention/queue-phase-diagnostic/q3-edge-permutation/20260826T110853Z-249443/permutation-012/repeats-300/repetition-2/d2h-all/background.json,/home/songxb26/HyLink/Cu-Hylink-Analyse/doc/results/gpu-contention/queue-phase-diagnostic/q3-edge-permutation/20260826T110853Z-249443/permutation-012/repeats-300/repetition-2/d2h-all/d2d.log,/home/songxb26/HyLink/Cu-Hylink-Analyse/doc/results/gpu-contention/queue-phase-diagnostic/q3-edge-permutation/20260826T110853Z-249443/permutation-012/repeats-300/repetition-2/d2h-all/background.log
012,"0,1,2",300,3,none,255M,189.054,NA,0,0,pass,/home/songxb26/HyLink/Cu-Hylink-Analyse/doc/results/gpu-contention/queue-phase-diagnostic/q3-edge-permutation/20260826T110853Z-249443/permutation-012/repeats-300/repetition-3/none/d2d.json,/home/songxb26/HyLink/Cu-Hylink-Analyse/doc/results/gpu-contention/queue-phase-diagnostic/q3-edge-permutation/20260826T110853Z-249443/permutation-012/repeats-300/repetition-3/none/background.json,/home/songxb26/HyLink/Cu-Hylink-Analyse/doc/results/gpu-contention/queue-phase-diagnostic/q3-edge-permutation/20260826T110853Z-249443/permutation-012/repeats-300/repetition-3/none/d2d.log,NA
012,"0,1,2",300,3,d2h-all,255M,160.199,12.234,0,0,pass,/home/songxb26/HyLink/Cu-Hylink-Analyse/doc/results/gpu-contention/queue-phase-diagnostic/q3-edge-permutation/20260826T110853Z-249443/permutation-012/repeats-300/repetition-3/d2h-all/d2d.json,/home/songxb26/HyLink/Cu-Hylink-Analyse/doc/results/gpu-contention/queue-phase-diagnostic/q3-edge-permutation/20260826T110853Z-249443/permutation-012/repeats-300/repetition-3/d2h-all/background.json,/home/songxb26/HyLink/Cu-Hylink-Analyse/doc/results/gpu-contention/queue-phase-diagnostic/q3-edge-permutation/20260826T110853Z-249443/permutation-012/repeats-300/repetition-3/d2h-all/d2d.log,/home/songxb26/HyLink/Cu-Hylink-Analyse/doc/results/gpu-contention/queue-phase-diagnostic/q3-edge-permutation/20260826T110853Z-249443/permutation-012/repeats-300/repetition-3/d2h-all/background.log
210,"2,1,0",20,1,none,255M,179.834,NA,0,0,pass,/home/songxb26/HyLink/Cu-Hylink-Analyse/doc/results/gpu-contention/queue-phase-diagnostic/q3-edge-permutation/20260826T110853Z-249443/permutation-210/repeats-20/repetition-1/none/d2d.json,/home/songxb26/HyLink/Cu-Hylink-Analyse/doc/results/gpu-contention/queue-phase-diagnostic/q3-edge-permutation/20260826T110853Z-249443/permutation-210/repeats-20/repetition-1/none/background.json,/home/songxb26/HyLink/Cu-Hylink-Analyse/doc/results/gpu-contention/queue-phase-diagnostic/q3-edge-permutation/20260826T110853Z-249443/permutation-210/repeats-20/repetition-1/none/d2d.log,NA
210,"2,1,0",20,1,d2h-all,255M,127.788,12.251,0,0,pass,/home/songxb26/HyLink/Cu-Hylink-Analyse/doc/results/gpu-contention/queue-phase-diagnostic/q3-edge-permutation/20260826T110853Z-249443/permutation-210/repeats-20/repetition-1/d2h-all/d2d.json,/home/songxb26/HyLink/Cu-Hylink-Analyse/doc/results/gpu-contention/queue-phase-diagnostic/q3-edge-permutation/20260826T110853Z-249443/permutation-210/repeats-20/repetition-1/d2h-all/background.json,/home/songxb26/HyLink/Cu-Hylink-Analyse/doc/results/gpu-contention/queue-phase-diagnostic/q3-edge-permutation/20260826T110853Z-249443/permutation-210/repeats-20/repetition-1/d2h-all/d2d.log,/home/songxb26/HyLink/Cu-Hylink-Analyse/doc/results/gpu-contention/queue-phase-diagnostic/q3-edge-permutation/20260826T110853Z-249443/permutation-210/repeats-20/repetition-1/d2h-all/background.log
210,"2,1,0",20,2,none,255M,179.820,NA,0,0,pass,/home/songxb26/HyLink/Cu-Hylink-Analyse/doc/results/gpu-contention/queue-phase-diagnostic/q3-edge-permutation/20260826T110853Z-249443/permutation-210/repeats-20/repetition-2/none/d2d.json,/home/songxb26/HyLink/Cu-Hylink-Analyse/doc/results/gpu-contention/queue-phase-diagnostic/q3-edge-permutation/20260826T110853Z-249443/permutation-210/repeats-20/repetition-2/none/background.json,/home/songxb26/HyLink/Cu-Hylink-Analyse/doc/results/gpu-contention/queue-phase-diagnostic/q3-edge-permutation/20260826T110853Z-249443/permutation-210/repeats-20/repetition-2/none/d2d.log,NA
210,"2,1,0",20,2,d2h-all,255M,128.033,11.922,0,0,pass,/home/songxb26/HyLink/Cu-Hylink-Analyse/doc/results/gpu-contention/queue-phase-diagnostic/q3-edge-permutation/20260826T110853Z-249443/permutation-210/repeats-20/repetition-2/d2h-all/d2d.json,/home/songxb26/HyLink/Cu-Hylink-Analyse/doc/results/gpu-contention/queue-phase-diagnostic/q3-edge-permutation/20260826T110853Z-249443/permutation-210/repeats-20/repetition-2/d2h-all/background.json,/home/songxb26/HyLink/Cu-Hylink-Analyse/doc/results/gpu-contention/queue-phase-diagnostic/q3-edge-permutation/20260826T110853Z-249443/permutation-210/repeats-20/repetition-2/d2h-all/d2d.log,/home/songxb26/HyLink/Cu-Hylink-Analyse/doc/results/gpu-contention/queue-phase-diagnostic/q3-edge-permutation/20260826T110853Z-249443/permutation-210/repeats-20/repetition-2/d2h-all/background.log
210,"2,1,0",20,3,none,255M,179.808,NA,0,0,pass,/home/songxb26/HyLink/Cu-Hylink-Analyse/doc/results/gpu-contention/queue-phase-diagnostic/q3-edge-permutation/20260826T110853Z-249443/permutation-210/repeats-20/repetition-3/none/d2d.json,/home/songxb26/HyLink/Cu-Hylink-Analyse/doc/results/gpu-contention/queue-phase-diagnostic/q3-edge-permutation/20260826T110853Z-249443/permutation-210/repeats-20/repetition-3/none/background.json,/home/songxb26/HyLink/Cu-Hylink-Analyse/doc/results/gpu-contention/queue-phase-diagnostic/q3-edge-permutation/20260826T110853Z-249443/permutation-210/repeats-20/repetition-3/none/d2d.log,NA
210,"2,1,0",20,3,d2h-all,255M,127.654,14.630,0,0,pass,/home/songxb26/HyLink/Cu-Hylink-Analyse/doc/results/gpu-contention/queue-phase-diagnostic/q3-edge-permutation/20260826T110853Z-249443/permutation-210/repeats-20/repetition-3/d2h-all/d2d.json,/home/songxb26/HyLink/Cu-Hylink-Analyse/doc/results/gpu-contention/queue-phase-diagnostic/q3-edge-permutation/20260826T110853Z-249443/permutation-210/repeats-20/repetition-3/d2h-all/background.json,/home/songxb26/HyLink/Cu-Hylink-Analyse/doc/results/gpu-contention/queue-phase-diagnostic/q3-edge-permutation/20260826T110853Z-249443/permutation-210/repeats-20/repetition-3/d2h-all/d2d.log,/home/songxb26/HyLink/Cu-Hylink-Analyse/doc/results/gpu-contention/queue-phase-diagnostic/q3-edge-permutation/20260826T110853Z-249443/permutation-210/repeats-20/repetition-3/d2h-all/background.log
210,"2,1,0",300,1,none,255M,188.833,NA,0,0,pass,/home/songxb26/HyLink/Cu-Hylink-Analyse/doc/results/gpu-contention/queue-phase-diagnostic/q3-edge-permutation/20260826T110853Z-249443/permutation-210/repeats-300/repetition-1/none/d2d.json,/home/songxb26/HyLink/Cu-Hylink-Analyse/doc/results/gpu-contention/queue-phase-diagnostic/q3-edge-permutation/20260826T110853Z-249443/permutation-210/repeats-300/repetition-1/none/background.json,/home/songxb26/HyLink/Cu-Hylink-Analyse/doc/results/gpu-contention/queue-phase-diagnostic/q3-edge-permutation/20260826T110853Z-249443/permutation-210/repeats-300/repetition-1/none/d2d.log,NA
210,"2,1,0",300,1,d2h-all,255M,159.633,12.131,0,0,pass,/home/songxb26/HyLink/Cu-Hylink-Analyse/doc/results/gpu-contention/queue-phase-diagnostic/q3-edge-permutation/20260826T110853Z-249443/permutation-210/repeats-300/repetition-1/d2h-all/d2d.json,/home/songxb26/HyLink/Cu-Hylink-Analyse/doc/results/gpu-contention/queue-phase-diagnostic/q3-edge-permutation/20260826T110853Z-249443/permutation-210/repeats-300/repetition-1/d2h-all/background.json,/home/songxb26/HyLink/Cu-Hylink-Analyse/doc/results/gpu-contention/queue-phase-diagnostic/q3-edge-permutation/20260826T110853Z-249443/permutation-210/repeats-300/repetition-1/d2h-all/d2d.log,/home/songxb26/HyLink/Cu-Hylink-Analyse/doc/results/gpu-contention/queue-phase-diagnostic/q3-edge-permutation/20260826T110853Z-249443/permutation-210/repeats-300/repetition-1/d2h-all/background.log
210,"2,1,0",300,2,none,255M,188.873,NA,0,0,pass,/home/songxb26/HyLink/Cu-Hylink-Analyse/doc/results/gpu-contention/queue-phase-diagnostic/q3-edge-permutation/20260826T110853Z-249443/permutation-210/repeats-300/repetition-2/none/d2d.json,/home/songxb26/HyLink/Cu-Hylink-Analyse/doc/results/gpu-contention/queue-phase-diagnostic/q3-edge-permutation/20260826T110853Z-249443/permutation-210/repeats-300/repetition-2/none/background.json,/home/songxb26/HyLink/Cu-Hylink-Analyse/doc/results/gpu-contention/queue-phase-diagnostic/q3-edge-permutation/20260826T110853Z-249443/permutation-210/repeats-300/repetition-2/none/d2d.log,NA
210,"2,1,0",300,2,d2h-all,255M,159.984,12.063,0,0,pass,/home/songxb26/HyLink/Cu-Hylink-Analyse/doc/results/gpu-contention/queue-phase-diagnostic/q3-edge-permutation/20260826T110853Z-249443/permutation-210/repeats-300/repetition-2/d2h-all/d2d.json,/home/songxb26/HyLink/Cu-Hylink-Analyse/doc/results/gpu-contention/queue-phase-diagnostic/q3-edge-permutation/20260826T110853Z-249443/permutation-210/repeats-300/repetition-2/d2h-all/background.json,/home/songxb26/HyLink/Cu-Hylink-Analyse/doc/results/gpu-contention/queue-phase-diagnostic/q3-edge-permutation/20260826T110853Z-249443/permutation-210/repeats-300/repetition-2/d2h-all/d2d.log,/home/songxb26/HyLink/Cu-Hylink-Analyse/doc/results/gpu-contention/queue-phase-diagnostic/q3-edge-permutation/20260826T110853Z-249443/permutation-210/repeats-300/repetition-2/d2h-all/background.log
210,"2,1,0",300,3,none,255M,188.875,NA,0,0,pass,/home/songxb26/HyLink/Cu-Hylink-Analyse/doc/results/gpu-contention/queue-phase-diagnostic/q3-edge-permutation/20260826T110853Z-249443/permutation-210/repeats-300/repetition-3/none/d2d.json,/home/songxb26/HyLink/Cu-Hylink-Analyse/doc/results/gpu-contention/queue-phase-diagnostic/q3-edge-permutation/20260826T110853Z-249443/permutation-210/repeats-300/repetition-3/none/background.json,/home/songxb26/HyLink/Cu-Hylink-Analyse/doc/results/gpu-contention/queue-phase-diagnostic/q3-edge-permutation/20260826T110853Z-249443/permutation-210/repeats-300/repetition-3/none/d2d.log,NA
210,"2,1,0",300,3,d2h-all,255M,159.870,13.400,0,0,pass,/home/songxb26/HyLink/Cu-Hylink-Analyse/doc/results/gpu-contention/queue-phase-diagnostic/q3-edge-permutation/20260826T110853Z-249443/permutation-210/repeats-300/repetition-3/d2h-all/d2d.json,/home/songxb26/HyLink/Cu-Hylink-Analyse/doc/results/gpu-contention/queue-phase-diagnostic/q3-edge-permutation/20260826T110853Z-249443/permutation-210/repeats-300/repetition-3/d2h-all/background.json,/home/songxb26/HyLink/Cu-Hylink-Analyse/doc/results/gpu-contention/queue-phase-diagnostic/q3-edge-permutation/20260826T110853Z-249443/permutation-210/repeats-300/repetition-3/d2h-all/d2d.log,/home/songxb26/HyLink/Cu-Hylink-Analyse/doc/results/gpu-contention/queue-phase-diagnostic/q3-edge-permutation/20260826T110853Z-249443/permutation-210/repeats-300/repetition-3/d2h-all/background.log
120,"1,2,0",20,1,none,255M,179.792,NA,0,0,pass,/home/songxb26/HyLink/Cu-Hylink-Analyse/doc/results/gpu-contention/queue-phase-diagnostic/q3-edge-permutation/20260826T110853Z-249443/permutation-120/repeats-20/repetition-1/none/d2d.json,/home/songxb26/HyLink/Cu-Hylink-Analyse/doc/results/gpu-contention/queue-phase-diagnostic/q3-edge-permutation/20260826T110853Z-249443/permutation-120/repeats-20/repetition-1/none/background.json,/home/songxb26/HyLink/Cu-Hylink-Analyse/doc/results/gpu-contention/queue-phase-diagnostic/q3-edge-permutation/20260826T110853Z-249443/permutation-120/repeats-20/repetition-1/none/d2d.log,NA
120,"1,2,0",20,1,d2h-all,255M,127.586,14.103,0,0,pass,/home/songxb26/HyLink/Cu-Hylink-Analyse/doc/results/gpu-contention/queue-phase-diagnostic/q3-edge-permutation/20260826T110853Z-249443/permutation-120/repeats-20/repetition-1/d2h-all/d2d.json,/home/songxb26/HyLink/Cu-Hylink-Analyse/doc/results/gpu-contention/queue-phase-diagnostic/q3-edge-permutation/20260826T110853Z-249443/permutation-120/repeats-20/repetition-1/d2h-all/background.json,/home/songxb26/HyLink/Cu-Hylink-Analyse/doc/results/gpu-contention/queue-phase-diagnostic/q3-edge-permutation/20260826T110853Z-249443/permutation-120/repeats-20/repetition-1/d2h-all/d2d.log,/home/songxb26/HyLink/Cu-Hylink-Analyse/doc/results/gpu-contention/queue-phase-diagnostic/q3-edge-permutation/20260826T110853Z-249443/permutation-120/repeats-20/repetition-1/d2h-all/background.log
120,"1,2,0",20,2,none,255M,179.787,NA,0,0,pass,/home/songxb26/HyLink/Cu-Hylink-Analyse/doc/results/gpu-contention/queue-phase-diagnostic/q3-edge-permutation/20260826T110853Z-249443/permutation-120/repeats-20/repetition-2/none/d2d.json,/home/songxb26/HyLink/Cu-Hylink-Analyse/doc/results/gpu-contention/queue-phase-diagnostic/q3-edge-permutation/20260826T110853Z-249443/permutation-120/repeats-20/repetition-2/none/background.json,/home/songxb26/HyLink/Cu-Hylink-Analyse/doc/results/gpu-contention/queue-phase-diagnostic/q3-edge-permutation/20260826T110853Z-249443/permutation-120/repeats-20/repetition-2/none/d2d.log,NA
120,"1,2,0",20,2,d2h-all,255M,127.767,12.280,0,0,pass,/home/songxb26/HyLink/Cu-Hylink-Analyse/doc/results/gpu-contention/queue-phase-diagnostic/q3-edge-permutation/20260826T110853Z-249443/permutation-120/repeats-20/repetition-2/d2h-all/d2d.json,/home/songxb26/HyLink/Cu-Hylink-Analyse/doc/results/gpu-contention/queue-phase-diagnostic/q3-edge-permutation/20260826T110853Z-249443/permutation-120/repeats-20/repetition-2/d2h-all/background.json,/home/songxb26/HyLink/Cu-Hylink-Analyse/doc/results/gpu-contention/queue-phase-diagnostic/q3-edge-permutation/20260826T110853Z-249443/permutation-120/repeats-20/repetition-2/d2h-all/d2d.log,/home/songxb26/HyLink/Cu-Hylink-Analyse/doc/results/gpu-contention/queue-phase-diagnostic/q3-edge-permutation/20260826T110853Z-249443/permutation-120/repeats-20/repetition-2/d2h-all/background.log
120,"1,2,0",20,3,none,255M,179.811,NA,0,0,pass,/home/songxb26/HyLink/Cu-Hylink-Analyse/doc/results/gpu-contention/queue-phase-diagnostic/q3-edge-permutation/20260826T110853Z-249443/permutation-120/repeats-20/repetition-3/none/d2d.json,/home/songxb26/HyLink/Cu-Hylink-Analyse/doc/results/gpu-contention/queue-phase-diagnostic/q3-edge-permutation/20260826T110853Z-249443/permutation-120/repeats-20/repetition-3/none/background.json,/home/songxb26/HyLink/Cu-Hylink-Analyse/doc/results/gpu-contention/queue-phase-diagnostic/q3-edge-permutation/20260826T110853Z-249443/permutation-120/repeats-20/repetition-3/none/d2d.log,NA
120,"1,2,0",20,3,d2h-all,255M,127.727,15.324,0,0,pass,/home/songxb26/HyLink/Cu-Hylink-Analyse/doc/results/gpu-contention/queue-phase-diagnostic/q3-edge-permutation/20260826T110853Z-249443/permutation-120/repeats-20/repetition-3/d2h-all/d2d.json,/home/songxb26/HyLink/Cu-Hylink-Analyse/doc/results/gpu-contention/queue-phase-diagnostic/q3-edge-permutation/20260826T110853Z-249443/permutation-120/repeats-20/repetition-3/d2h-all/background.json,/home/songxb26/HyLink/Cu-Hylink-Analyse/doc/results/gpu-contention/queue-phase-diagnostic/q3-edge-permutation/20260826T110853Z-249443/permutation-120/repeats-20/repetition-3/d2h-all/d2d.log,/home/songxb26/HyLink/Cu-Hylink-Analyse/doc/results/gpu-contention/queue-phase-diagnostic/q3-edge-permutation/20260826T110853Z-249443/permutation-120/repeats-20/repetition-3/d2h-all/background.log
120,"1,2,0",300,1,none,255M,188.809,NA,0,0,pass,/home/songxb26/HyLink/Cu-Hylink-Analyse/doc/results/gpu-contention/queue-phase-diagnostic/q3-edge-permutation/20260826T110853Z-249443/permutation-120/repeats-300/repetition-1/none/d2d.json,/home/songxb26/HyLink/Cu-Hylink-Analyse/doc/results/gpu-contention/queue-phase-diagnostic/q3-edge-permutation/20260826T110853Z-249443/permutation-120/repeats-300/repetition-1/none/background.json,/home/songxb26/HyLink/Cu-Hylink-Analyse/doc/results/gpu-contention/queue-phase-diagnostic/q3-edge-permutation/20260826T110853Z-249443/permutation-120/repeats-300/repetition-1/none/d2d.log,NA
120,"1,2,0",300,1,d2h-all,255M,159.809,12.804,0,0,pass,/home/songxb26/HyLink/Cu-Hylink-Analyse/doc/results/gpu-contention/queue-phase-diagnostic/q3-edge-permutation/20260826T110853Z-249443/permutation-120/repeats-300/repetition-1/d2h-all/d2d.json,/home/songxb26/HyLink/Cu-Hylink-Analyse/doc/results/gpu-contention/queue-phase-diagnostic/q3-edge-permutation/20260826T110853Z-249443/permutation-120/repeats-300/repetition-1/d2h-all/background.json,/home/songxb26/HyLink/Cu-Hylink-Analyse/doc/results/gpu-contention/queue-phase-diagnostic/q3-edge-permutation/20260826T110853Z-249443/permutation-120/repeats-300/repetition-1/d2h-all/d2d.log,/home/songxb26/HyLink/Cu-Hylink-Analyse/doc/results/gpu-contention/queue-phase-diagnostic/q3-edge-permutation/20260826T110853Z-249443/permutation-120/repeats-300/repetition-1/d2h-all/background.log
120,"1,2,0",300,2,none,255M,188.824,NA,0,0,pass,/home/songxb26/HyLink/Cu-Hylink-Analyse/doc/results/gpu-contention/queue-phase-diagnostic/q3-edge-permutation/20260826T110853Z-249443/permutation-120/repeats-300/repetition-2/none/d2d.json,/home/songxb26/HyLink/Cu-Hylink-Analyse/doc/results/gpu-contention/queue-phase-diagnostic/q3-edge-permutation/20260826T110853Z-249443/permutation-120/repeats-300/repetition-2/none/background.json,/home/songxb26/HyLink/Cu-Hylink-Analyse/doc/results/gpu-contention/queue-phase-diagnostic/q3-edge-permutation/20260826T110853Z-249443/permutation-120/repeats-300/repetition-2/none/d2d.log,NA
120,"1,2,0",300,2,d2h-all,255M,162.824,13.321,0,0,pass,/home/songxb26/HyLink/Cu-Hylink-Analyse/doc/results/gpu-contention/queue-phase-diagnostic/q3-edge-permutation/20260826T110853Z-249443/permutation-120/repeats-300/repetition-2/d2h-all/d2d.json,/home/songxb26/HyLink/Cu-Hylink-Analyse/doc/results/gpu-contention/queue-phase-diagnostic/q3-edge-permutation/20260826T110853Z-249443/permutation-120/repeats-300/repetition-2/d2h-all/background.json,/home/songxb26/HyLink/Cu-Hylink-Analyse/doc/results/gpu-contention/queue-phase-diagnostic/q3-edge-permutation/20260826T110853Z-249443/permutation-120/repeats-300/repetition-2/d2h-all/d2d.log,/home/songxb26/HyLink/Cu-Hylink-Analyse/doc/results/gpu-contention/queue-phase-diagnostic/q3-edge-permutation/20260826T110853Z-249443/permutation-120/repeats-300/repetition-2/d2h-all/background.log
120,"1,2,0",300,3,none,255M,188.759,NA,0,0,pass,/home/songxb26/HyLink/Cu-Hylink-Analyse/doc/results/gpu-contention/queue-phase-diagnostic/q3-edge-permutation/20260826T110853Z-249443/permutation-120/repeats-300/repetition-3/none/d2d.json,/home/songxb26/HyLink/Cu-Hylink-Analyse/doc/results/gpu-contention/queue-phase-diagnostic/q3-edge-permutation/20260826T110853Z-249443/permutation-120/repeats-300/repetition-3/none/background.json,/home/songxb26/HyLink/Cu-Hylink-Analyse/doc/results/gpu-contention/queue-phase-diagnostic/q3-edge-permutation/20260826T110853Z-249443/permutation-120/repeats-300/repetition-3/none/d2d.log,NA
120,"1,2,0",300,3,d2h-all,255M,159.971,12.899,0,0,pass,/home/songxb26/HyLink/Cu-Hylink-Analyse/doc/results/gpu-contention/queue-phase-diagnostic/q3-edge-permutation/20260826T110853Z-249443/permutation-120/repeats-300/repetition-3/d2h-all/d2d.json,/home/songxb26/HyLink/Cu-Hylink-Analyse/doc/results/gpu-contention/queue-phase-diagnostic/q3-edge-permutation/20260826T110853Z-249443/permutation-120/repeats-300/repetition-3/d2h-all/background.json,/home/songxb26/HyLink/Cu-Hylink-Analyse/doc/results/gpu-contention/queue-phase-diagnostic/q3-edge-permutation/20260826T110853Z-249443/permutation-120/repeats-300/repetition-3/d2h-all/d2d.log,/home/songxb26/HyLink/Cu-Hylink-Analyse/doc/results/gpu-contention/queue-phase-diagnostic/q3-edge-permutation/20260826T110853Z-249443/permutation-120/repeats-300/repetition-3/d2h-all/background.log
201,"2,0,1",20,1,none,255M,179.816,NA,0,0,pass,/home/songxb26/HyLink/Cu-Hylink-Analyse/doc/results/gpu-contention/queue-phase-diagnostic/q3-edge-permutation/20260826T110853Z-249443/permutation-201/repeats-20/repetition-1/none/d2d.json,/home/songxb26/HyLink/Cu-Hylink-Analyse/doc/results/gpu-contention/queue-phase-diagnostic/q3-edge-permutation/20260826T110853Z-249443/permutation-201/repeats-20/repetition-1/none/background.json,/home/songxb26/HyLink/Cu-Hylink-Analyse/doc/results/gpu-contention/queue-phase-diagnostic/q3-edge-permutation/20260826T110853Z-249443/permutation-201/repeats-20/repetition-1/none/d2d.log,NA
201,"2,0,1",20,1,d2h-all,255M,127.806,11.451,0,0,pass,/home/songxb26/HyLink/Cu-Hylink-Analyse/doc/results/gpu-contention/queue-phase-diagnostic/q3-edge-permutation/20260826T110853Z-249443/permutation-201/repeats-20/repetition-1/d2h-all/d2d.json,/home/songxb26/HyLink/Cu-Hylink-Analyse/doc/results/gpu-contention/queue-phase-diagnostic/q3-edge-permutation/20260826T110853Z-249443/permutation-201/repeats-20/repetition-1/d2h-all/background.json,/home/songxb26/HyLink/Cu-Hylink-Analyse/doc/results/gpu-contention/queue-phase-diagnostic/q3-edge-permutation/20260826T110853Z-249443/permutation-201/repeats-20/repetition-1/d2h-all/d2d.log,/home/songxb26/HyLink/Cu-Hylink-Analyse/doc/results/gpu-contention/queue-phase-diagnostic/q3-edge-permutation/20260826T110853Z-249443/permutation-201/repeats-20/repetition-1/d2h-all/background.log
201,"2,0,1",20,2,none,255M,179.819,NA,0,0,pass,/home/songxb26/HyLink/Cu-Hylink-Analyse/doc/results/gpu-contention/queue-phase-diagnostic/q3-edge-permutation/20260826T110853Z-249443/permutation-201/repeats-20/repetition-2/none/d2d.json,/home/songxb26/HyLink/Cu-Hylink-Analyse/doc/results/gpu-contention/queue-phase-diagnostic/q3-edge-permutation/20260826T110853Z-249443/permutation-201/repeats-20/repetition-2/none/background.json,/home/songxb26/HyLink/Cu-Hylink-Analyse/doc/results/gpu-contention/queue-phase-diagnostic/q3-edge-permutation/20260826T110853Z-249443/permutation-201/repeats-20/repetition-2/none/d2d.log,NA
201,"2,0,1",20,2,d2h-all,255M,127.896,16.307,0,0,pass,/home/songxb26/HyLink/Cu-Hylink-Analyse/doc/results/gpu-contention/queue-phase-diagnostic/q3-edge-permutation/20260826T110853Z-249443/permutation-201/repeats-20/repetition-2/d2h-all/d2d.json,/home/songxb26/HyLink/Cu-Hylink-Analyse/doc/results/gpu-contention/queue-phase-diagnostic/q3-edge-permutation/20260826T110853Z-249443/permutation-201/repeats-20/repetition-2/d2h-all/background.json,/home/songxb26/HyLink/Cu-Hylink-Analyse/doc/results/gpu-contention/queue-phase-diagnostic/q3-edge-permutation/20260826T110853Z-249443/permutation-201/repeats-20/repetition-2/d2h-all/d2d.log,/home/songxb26/HyLink/Cu-Hylink-Analyse/doc/results/gpu-contention/queue-phase-diagnostic/q3-edge-permutation/20260826T110853Z-249443/permutation-201/repeats-20/repetition-2/d2h-all/background.log
201,"2,0,1",20,3,none,255M,179.813,NA,0,0,pass,/home/songxb26/HyLink/Cu-Hylink-Analyse/doc/results/gpu-contention/queue-phase-diagnostic/q3-edge-permutation/20260826T110853Z-249443/permutation-201/repeats-20/repetition-3/none/d2d.json,/home/songxb26/HyLink/Cu-Hylink-Analyse/doc/results/gpu-contention/queue-phase-diagnostic/q3-edge-permutation/20260826T110853Z-249443/permutation-201/repeats-20/repetition-3/none/background.json,/home/songxb26/HyLink/Cu-Hylink-Analyse/doc/results/gpu-contention/queue-phase-diagnostic/q3-edge-permutation/20260826T110853Z-249443/permutation-201/repeats-20/repetition-3/none/d2d.log,NA
201,"2,0,1",20,3,d2h-all,255M,127.812,12.905,0,0,pass,/home/songxb26/HyLink/Cu-Hylink-Analyse/doc/results/gpu-contention/queue-phase-diagnostic/q3-edge-permutation/20260826T110853Z-249443/permutation-201/repeats-20/repetition-3/d2h-all/d2d.json,/home/songxb26/HyLink/Cu-Hylink-Analyse/doc/results/gpu-contention/queue-phase-diagnostic/q3-edge-permutation/20260826T110853Z-249443/permutation-201/repeats-20/repetition-3/d2h-all/background.json,/home/songxb26/HyLink/Cu-Hylink-Analyse/doc/results/gpu-contention/queue-phase-diagnostic/q3-edge-permutation/20260826T110853Z-249443/permutation-201/repeats-20/repetition-3/d2h-all/d2d.log,/home/songxb26/HyLink/Cu-Hylink-Analyse/doc/results/gpu-contention/queue-phase-diagnostic/q3-edge-permutation/20260826T110853Z-249443/permutation-201/repeats-20/repetition-3/d2h-all/background.log
201,"2,0,1",300,1,none,255M,188.832,NA,0,0,pass,/home/songxb26/HyLink/Cu-Hylink-Analyse/doc/results/gpu-contention/queue-phase-diagnostic/q3-edge-permutation/20260826T110853Z-249443/permutation-201/repeats-300/repetition-1/none/d2d.json,/home/songxb26/HyLink/Cu-Hylink-Analyse/doc/results/gpu-contention/queue-phase-diagnostic/q3-edge-permutation/20260826T110853Z-249443/permutation-201/repeats-300/repetition-1/none/background.json,/home/songxb26/HyLink/Cu-Hylink-Analyse/doc/results/gpu-contention/queue-phase-diagnostic/q3-edge-permutation/20260826T110853Z-249443/permutation-201/repeats-300/repetition-1/none/d2d.log,NA
201,"2,0,1",300,1,d2h-all,255M,159.670,12.181,0,0,pass,/home/songxb26/HyLink/Cu-Hylink-Analyse/doc/results/gpu-contention/queue-phase-diagnostic/q3-edge-permutation/20260826T110853Z-249443/permutation-201/repeats-300/repetition-1/d2h-all/d2d.json,/home/songxb26/HyLink/Cu-Hylink-Analyse/doc/results/gpu-contention/queue-phase-diagnostic/q3-edge-permutation/20260826T110853Z-249443/permutation-201/repeats-300/repetition-1/d2h-all/background.json,/home/songxb26/HyLink/Cu-Hylink-Analyse/doc/results/gpu-contention/queue-phase-diagnostic/q3-edge-permutation/20260826T110853Z-249443/permutation-201/repeats-300/repetition-1/d2h-all/d2d.log,/home/songxb26/HyLink/Cu-Hylink-Analyse/doc/results/gpu-contention/queue-phase-diagnostic/q3-edge-permutation/20260826T110853Z-249443/permutation-201/repeats-300/repetition-1/d2h-all/background.log
201,"2,0,1",300,2,none,255M,188.881,NA,0,0,pass,/home/songxb26/HyLink/Cu-Hylink-Analyse/doc/results/gpu-contention/queue-phase-diagnostic/q3-edge-permutation/20260826T110853Z-249443/permutation-201/repeats-300/repetition-2/none/d2d.json,/home/songxb26/HyLink/Cu-Hylink-Analyse/doc/results/gpu-contention/queue-phase-diagnostic/q3-edge-permutation/20260826T110853Z-249443/permutation-201/repeats-300/repetition-2/none/background.json,/home/songxb26/HyLink/Cu-Hylink-Analyse/doc/results/gpu-contention/queue-phase-diagnostic/q3-edge-permutation/20260826T110853Z-249443/permutation-201/repeats-300/repetition-2/none/d2d.log,NA
201,"2,0,1",300,2,d2h-all,255M,159.558,12.813,0,0,pass,/home/songxb26/HyLink/Cu-Hylink-Analyse/doc/results/gpu-contention/queue-phase-diagnostic/q3-edge-permutation/20260826T110853Z-249443/permutation-201/repeats-300/repetition-2/d2h-all/d2d.json,/home/songxb26/HyLink/Cu-Hylink-Analyse/doc/results/gpu-contention/queue-phase-diagnostic/q3-edge-permutation/20260826T110853Z-249443/permutation-201/repeats-300/repetition-2/d2h-all/background.json,/home/songxb26/HyLink/Cu-Hylink-Analyse/doc/results/gpu-contention/queue-phase-diagnostic/q3-edge-permutation/20260826T110853Z-249443/permutation-201/repeats-300/repetition-2/d2h-all/d2d.log,/home/songxb26/HyLink/Cu-Hylink-Analyse/doc/results/gpu-contention/queue-phase-diagnostic/q3-edge-permutation/20260826T110853Z-249443/permutation-201/repeats-300/repetition-2/d2h-all/background.log
201,"2,0,1",300,3,none,255M,188.830,NA,0,0,pass,/home/songxb26/HyLink/Cu-Hylink-Analyse/doc/results/gpu-contention/queue-phase-diagnostic/q3-edge-permutation/20260826T110853Z-249443/permutation-201/repeats-300/repetition-3/none/d2d.json,/home/songxb26/HyLink/Cu-Hylink-Analyse/doc/results/gpu-contention/queue-phase-diagnostic/q3-edge-permutation/20260826T110853Z-249443/permutation-201/repeats-300/repetition-3/none/background.json,/home/songxb26/HyLink/Cu-Hylink-Analyse/doc/results/gpu-contention/queue-phase-diagnostic/q3-edge-permutation/20260826T110853Z-249443/permutation-201/repeats-300/repetition-3/none/d2d.log,NA
201,"2,0,1",300,3,d2h-all,255M,159.970,12.075,0,0,pass,/home/songxb26/HyLink/Cu-Hylink-Analyse/doc/results/gpu-contention/queue-phase-diagnostic/q3-edge-permutation/20260826T110853Z-249443/permutation-201/repeats-300/repetition-3/d2h-all/d2d.json,/home/songxb26/HyLink/Cu-Hylink-Analyse/doc/results/gpu-contention/queue-phase-diagnostic/q3-edge-permutation/20260826T110853Z-249443/permutation-201/repeats-300/repetition-3/d2h-all/background.json,/home/songxb26/HyLink/Cu-Hylink-Analyse/doc/results/gpu-contention/queue-phase-diagnostic/q3-edge-permutation/20260826T110853Z-249443/permutation-201/repeats-300/repetition-3/d2h-all/d2d.log,/home/songxb26/HyLink/Cu-Hylink-Analyse/doc/results/gpu-contention/queue-phase-diagnostic/q3-edge-permutation/20260826T110853Z-249443/permutation-201/repeats-300/repetition-3/d2h-all/background.log
021,"0,2,1",20,1,none,255M,179.783,NA,0,0,pass,/home/songxb26/HyLink/Cu-Hylink-Analyse/doc/results/gpu-contention/queue-phase-diagnostic/q3-edge-permutation/20260826T110853Z-249443/permutation-021/repeats-20/repetition-1/none/d2d.json,/home/songxb26/HyLink/Cu-Hylink-Analyse/doc/results/gpu-contention/queue-phase-diagnostic/q3-edge-permutation/20260826T110853Z-249443/permutation-021/repeats-20/repetition-1/none/background.json,/home/songxb26/HyLink/Cu-Hylink-Analyse/doc/results/gpu-contention/queue-phase-diagnostic/q3-edge-permutation/20260826T110853Z-249443/permutation-021/repeats-20/repetition-1/none/d2d.log,NA
021,"0,2,1",20,1,d2h-all,255M,127.731,15.463,0,0,pass,/home/songxb26/HyLink/Cu-Hylink-Analyse/doc/results/gpu-contention/queue-phase-diagnostic/q3-edge-permutation/20260826T110853Z-249443/permutation-021/repeats-20/repetition-1/d2h-all/d2d.json,/home/songxb26/HyLink/Cu-Hylink-Analyse/doc/results/gpu-contention/queue-phase-diagnostic/q3-edge-permutation/20260826T110853Z-249443/permutation-021/repeats-20/repetition-1/d2h-all/background.json,/home/songxb26/HyLink/Cu-Hylink-Analyse/doc/results/gpu-contention/queue-phase-diagnostic/q3-edge-permutation/20260826T110853Z-249443/permutation-021/repeats-20/repetition-1/d2h-all/d2d.log,/home/songxb26/HyLink/Cu-Hylink-Analyse/doc/results/gpu-contention/queue-phase-diagnostic/q3-edge-permutation/20260826T110853Z-249443/permutation-021/repeats-20/repetition-1/d2h-all/background.log
021,"0,2,1",20,2,none,255M,179.764,NA,0,0,pass,/home/songxb26/HyLink/Cu-Hylink-Analyse/doc/results/gpu-contention/queue-phase-diagnostic/q3-edge-permutation/20260826T110853Z-249443/permutation-021/repeats-20/repetition-2/none/d2d.json,/home/songxb26/HyLink/Cu-Hylink-Analyse/doc/results/gpu-contention/queue-phase-diagnostic/q3-edge-permutation/20260826T110853Z-249443/permutation-021/repeats-20/repetition-2/none/background.json,/home/songxb26/HyLink/Cu-Hylink-Analyse/doc/results/gpu-contention/queue-phase-diagnostic/q3-edge-permutation/20260826T110853Z-249443/permutation-021/repeats-20/repetition-2/none/d2d.log,NA
021,"0,2,1",20,2,d2h-all,255M,127.774,12.283,0,0,pass,/home/songxb26/HyLink/Cu-Hylink-Analyse/doc/results/gpu-contention/queue-phase-diagnostic/q3-edge-permutation/20260826T110853Z-249443/permutation-021/repeats-20/repetition-2/d2h-all/d2d.json,/home/songxb26/HyLink/Cu-Hylink-Analyse/doc/results/gpu-contention/queue-phase-diagnostic/q3-edge-permutation/20260826T110853Z-249443/permutation-021/repeats-20/repetition-2/d2h-all/background.json,/home/songxb26/HyLink/Cu-Hylink-Analyse/doc/results/gpu-contention/queue-phase-diagnostic/q3-edge-permutation/20260826T110853Z-249443/permutation-021/repeats-20/repetition-2/d2h-all/d2d.log,/home/songxb26/HyLink/Cu-Hylink-Analyse/doc/results/gpu-contention/queue-phase-diagnostic/q3-edge-permutation/20260826T110853Z-249443/permutation-021/repeats-20/repetition-2/d2h-all/background.log
021,"0,2,1",20,3,none,255M,179.799,NA,0,0,pass,/home/songxb26/HyLink/Cu-Hylink-Analyse/doc/results/gpu-contention/queue-phase-diagnostic/q3-edge-permutation/20260826T110853Z-249443/permutation-021/repeats-20/repetition-3/none/d2d.json,/home/songxb26/HyLink/Cu-Hylink-Analyse/doc/results/gpu-contention/queue-phase-diagnostic/q3-edge-permutation/20260826T110853Z-249443/permutation-021/repeats-20/repetition-3/none/background.json,/home/songxb26/HyLink/Cu-Hylink-Analyse/doc/results/gpu-contention/queue-phase-diagnostic/q3-edge-permutation/20260826T110853Z-249443/permutation-021/repeats-20/repetition-3/none/d2d.log,NA
021,"0,2,1",20,3,d2h-all,255M,127.900,14.878,0,0,pass,/home/songxb26/HyLink/Cu-Hylink-Analyse/doc/results/gpu-contention/queue-phase-diagnostic/q3-edge-permutation/20260826T110853Z-249443/permutation-021/repeats-20/repetition-3/d2h-all/d2d.json,/home/songxb26/HyLink/Cu-Hylink-Analyse/doc/results/gpu-contention/queue-phase-diagnostic/q3-edge-permutation/20260826T110853Z-249443/permutation-021/repeats-20/repetition-3/d2h-all/background.json,/home/songxb26/HyLink/Cu-Hylink-Analyse/doc/results/gpu-contention/queue-phase-diagnostic/q3-edge-permutation/20260826T110853Z-249443/permutation-021/repeats-20/repetition-3/d2h-all/d2d.log,/home/songxb26/HyLink/Cu-Hylink-Analyse/doc/results/gpu-contention/queue-phase-diagnostic/q3-edge-permutation/20260826T110853Z-249443/permutation-021/repeats-20/repetition-3/d2h-all/background.log
021,"0,2,1",300,1,none,255M,188.830,NA,0,0,pass,/home/songxb26/HyLink/Cu-Hylink-Analyse/doc/results/gpu-contention/queue-phase-diagnostic/q3-edge-permutation/20260826T110853Z-249443/permutation-021/repeats-300/repetition-1/none/d2d.json,/home/songxb26/HyLink/Cu-Hylink-Analyse/doc/results/gpu-contention/queue-phase-diagnostic/q3-edge-permutation/20260826T110853Z-249443/permutation-021/repeats-300/repetition-1/none/background.json,/home/songxb26/HyLink/Cu-Hylink-Analyse/doc/results/gpu-contention/queue-phase-diagnostic/q3-edge-permutation/20260826T110853Z-249443/permutation-021/repeats-300/repetition-1/none/d2d.log,NA
021,"0,2,1",300,1,d2h-all,255M,159.567,12.674,0,0,pass,/home/songxb26/HyLink/Cu-Hylink-Analyse/doc/results/gpu-contention/queue-phase-diagnostic/q3-edge-permutation/20260826T110853Z-249443/permutation-021/repeats-300/repetition-1/d2h-all/d2d.json,/home/songxb26/HyLink/Cu-Hylink-Analyse/doc/results/gpu-contention/queue-phase-diagnostic/q3-edge-permutation/20260826T110853Z-249443/permutation-021/repeats-300/repetition-1/d2h-all/background.json,/home/songxb26/HyLink/Cu-Hylink-Analyse/doc/results/gpu-contention/queue-phase-diagnostic/q3-edge-permutation/20260826T110853Z-249443/permutation-021/repeats-300/repetition-1/d2h-all/d2d.log,/home/songxb26/HyLink/Cu-Hylink-Analyse/doc/results/gpu-contention/queue-phase-diagnostic/q3-edge-permutation/20260826T110853Z-249443/permutation-021/repeats-300/repetition-1/d2h-all/background.log
021,"0,2,1",300,2,none,255M,188.865,NA,0,0,pass,/home/songxb26/HyLink/Cu-Hylink-Analyse/doc/results/gpu-contention/queue-phase-diagnostic/q3-edge-permutation/20260826T110853Z-249443/permutation-021/repeats-300/repetition-2/none/d2d.json,/home/songxb26/HyLink/Cu-Hylink-Analyse/doc/results/gpu-contention/queue-phase-diagnostic/q3-edge-permutation/20260826T110853Z-249443/permutation-021/repeats-300/repetition-2/none/background.json,/home/songxb26/HyLink/Cu-Hylink-Analyse/doc/results/gpu-contention/queue-phase-diagnostic/q3-edge-permutation/20260826T110853Z-249443/permutation-021/repeats-300/repetition-2/none/d2d.log,NA
021,"0,2,1",300,2,d2h-all,255M,161.771,13.201,0,0,pass,/home/songxb26/HyLink/Cu-Hylink-Analyse/doc/results/gpu-contention/queue-phase-diagnostic/q3-edge-permutation/20260826T110853Z-249443/permutation-021/repeats-300/repetition-2/d2h-all/d2d.json,/home/songxb26/HyLink/Cu-Hylink-Analyse/doc/results/gpu-contention/queue-phase-diagnostic/q3-edge-permutation/20260826T110853Z-249443/permutation-021/repeats-300/repetition-2/d2h-all/background.json,/home/songxb26/HyLink/Cu-Hylink-Analyse/doc/results/gpu-contention/queue-phase-diagnostic/q3-edge-permutation/20260826T110853Z-249443/permutation-021/repeats-300/repetition-2/d2h-all/d2d.log,/home/songxb26/HyLink/Cu-Hylink-Analyse/doc/results/gpu-contention/queue-phase-diagnostic/q3-edge-permutation/20260826T110853Z-249443/permutation-021/repeats-300/repetition-2/d2h-all/background.log
021,"0,2,1",300,3,none,255M,188.822,NA,0,0,pass,/home/songxb26/HyLink/Cu-Hylink-Analyse/doc/results/gpu-contention/queue-phase-diagnostic/q3-edge-permutation/20260826T110853Z-249443/permutation-021/repeats-300/repetition-3/none/d2d.json,/home/songxb26/HyLink/Cu-Hylink-Analyse/doc/results/gpu-contention/queue-phase-diagnostic/q3-edge-permutation/20260826T110853Z-249443/permutation-021/repeats-300/repetition-3/none/background.json,/home/songxb26/HyLink/Cu-Hylink-Analyse/doc/results/gpu-contention/queue-phase-diagnostic/q3-edge-permutation/20260826T110853Z-249443/permutation-021/repeats-300/repetition-3/none/d2d.log,NA
021,"0,2,1",300,3,d2h-all,255M,159.516,13.178,0,0,pass,/home/songxb26/HyLink/Cu-Hylink-Analyse/doc/results/gpu-contention/queue-phase-diagnostic/q3-edge-permutation/20260826T110853Z-249443/permutation-021/repeats-300/repetition-3/d2h-all/d2d.json,/home/songxb26/HyLink/Cu-Hylink-Analyse/doc/results/gpu-contention/queue-phase-diagnostic/q3-edge-permutation/20260826T110853Z-249443/permutation-021/repeats-300/repetition-3/d2h-all/background.json,/home/songxb26/HyLink/Cu-Hylink-Analyse/doc/results/gpu-contention/queue-phase-diagnostic/q3-edge-permutation/20260826T110853Z-249443/permutation-021/repeats-300/repetition-3/d2h-all/d2d.log,/home/songxb26/HyLink/Cu-Hylink-Analyse/doc/results/gpu-contention/queue-phase-diagnostic/q3-edge-permutation/20260826T110853Z-249443/permutation-021/repeats-300/repetition-3/d2h-all/background.log
102,"1,0,2",20,1,none,255M,179.820,NA,0,0,pass,/home/songxb26/HyLink/Cu-Hylink-Analyse/doc/results/gpu-contention/queue-phase-diagnostic/q3-edge-permutation/20260826T110853Z-249443/permutation-102/repeats-20/repetition-1/none/d2d.json,/home/songxb26/HyLink/Cu-Hylink-Analyse/doc/results/gpu-contention/queue-phase-diagnostic/q3-edge-permutation/20260826T110853Z-249443/permutation-102/repeats-20/repetition-1/none/background.json,/home/songxb26/HyLink/Cu-Hylink-Analyse/doc/results/gpu-contention/queue-phase-diagnostic/q3-edge-permutation/20260826T110853Z-249443/permutation-102/repeats-20/repetition-1/none/d2d.log,NA
102,"1,0,2",20,1,d2h-all,255M,127.671,14.193,0,0,pass,/home/songxb26/HyLink/Cu-Hylink-Analyse/doc/results/gpu-contention/queue-phase-diagnostic/q3-edge-permutation/20260826T110853Z-249443/permutation-102/repeats-20/repetition-1/d2h-all/d2d.json,/home/songxb26/HyLink/Cu-Hylink-Analyse/doc/results/gpu-contention/queue-phase-diagnostic/q3-edge-permutation/20260826T110853Z-249443/permutation-102/repeats-20/repetition-1/d2h-all/background.json,/home/songxb26/HyLink/Cu-Hylink-Analyse/doc/results/gpu-contention/queue-phase-diagnostic/q3-edge-permutation/20260826T110853Z-249443/permutation-102/repeats-20/repetition-1/d2h-all/d2d.log,/home/songxb26/HyLink/Cu-Hylink-Analyse/doc/results/gpu-contention/queue-phase-diagnostic/q3-edge-permutation/20260826T110853Z-249443/permutation-102/repeats-20/repetition-1/d2h-all/background.log
102,"1,0,2",20,2,none,255M,179.818,NA,0,0,pass,/home/songxb26/HyLink/Cu-Hylink-Analyse/doc/results/gpu-contention/queue-phase-diagnostic/q3-edge-permutation/20260826T110853Z-249443/permutation-102/repeats-20/repetition-2/none/d2d.json,/home/songxb26/HyLink/Cu-Hylink-Analyse/doc/results/gpu-contention/queue-phase-diagnostic/q3-edge-permutation/20260826T110853Z-249443/permutation-102/repeats-20/repetition-2/none/background.json,/home/songxb26/HyLink/Cu-Hylink-Analyse/doc/results/gpu-contention/queue-phase-diagnostic/q3-edge-permutation/20260826T110853Z-249443/permutation-102/repeats-20/repetition-2/none/d2d.log,NA
102,"1,0,2",20,2,d2h-all,255M,127.780,14.084,0,0,pass,/home/songxb26/HyLink/Cu-Hylink-Analyse/doc/results/gpu-contention/queue-phase-diagnostic/q3-edge-permutation/20260826T110853Z-249443/permutation-102/repeats-20/repetition-2/d2h-all/d2d.json,/home/songxb26/HyLink/Cu-Hylink-Analyse/doc/results/gpu-contention/queue-phase-diagnostic/q3-edge-permutation/20260826T110853Z-249443/permutation-102/repeats-20/repetition-2/d2h-all/background.json,/home/songxb26/HyLink/Cu-Hylink-Analyse/doc/results/gpu-contention/queue-phase-diagnostic/q3-edge-permutation/20260826T110853Z-249443/permutation-102/repeats-20/repetition-2/d2h-all/d2d.log,/home/songxb26/HyLink/Cu-Hylink-Analyse/doc/results/gpu-contention/queue-phase-diagnostic/q3-edge-permutation/20260826T110853Z-249443/permutation-102/repeats-20/repetition-2/d2h-all/background.log
102,"1,0,2",20,3,none,255M,179.822,NA,0,0,pass,/home/songxb26/HyLink/Cu-Hylink-Analyse/doc/results/gpu-contention/queue-phase-diagnostic/q3-edge-permutation/20260826T110853Z-249443/permutation-102/repeats-20/repetition-3/none/d2d.json,/home/songxb26/HyLink/Cu-Hylink-Analyse/doc/results/gpu-contention/queue-phase-diagnostic/q3-edge-permutation/20260826T110853Z-249443/permutation-102/repeats-20/repetition-3/none/background.json,/home/songxb26/HyLink/Cu-Hylink-Analyse/doc/results/gpu-contention/queue-phase-diagnostic/q3-edge-permutation/20260826T110853Z-249443/permutation-102/repeats-20/repetition-3/none/d2d.log,NA
102,"1,0,2",20,3,d2h-all,255M,127.626,15.299,0,0,pass,/home/songxb26/HyLink/Cu-Hylink-Analyse/doc/results/gpu-contention/queue-phase-diagnostic/q3-edge-permutation/20260826T110853Z-249443/permutation-102/repeats-20/repetition-3/d2h-all/d2d.json,/home/songxb26/HyLink/Cu-Hylink-Analyse/doc/results/gpu-contention/queue-phase-diagnostic/q3-edge-permutation/20260826T110853Z-249443/permutation-102/repeats-20/repetition-3/d2h-all/background.json,/home/songxb26/HyLink/Cu-Hylink-Analyse/doc/results/gpu-contention/queue-phase-diagnostic/q3-edge-permutation/20260826T110853Z-249443/permutation-102/repeats-20/repetition-3/d2h-all/d2d.log,/home/songxb26/HyLink/Cu-Hylink-Analyse/doc/results/gpu-contention/queue-phase-diagnostic/q3-edge-permutation/20260826T110853Z-249443/permutation-102/repeats-20/repetition-3/d2h-all/background.log
102,"1,0,2",300,1,none,255M,188.962,NA,0,0,pass,/home/songxb26/HyLink/Cu-Hylink-Analyse/doc/results/gpu-contention/queue-phase-diagnostic/q3-edge-permutation/20260826T110853Z-249443/permutation-102/repeats-300/repetition-1/none/d2d.json,/home/songxb26/HyLink/Cu-Hylink-Analyse/doc/results/gpu-contention/queue-phase-diagnostic/q3-edge-permutation/20260826T110853Z-249443/permutation-102/repeats-300/repetition-1/none/background.json,/home/songxb26/HyLink/Cu-Hylink-Analyse/doc/results/gpu-contention/queue-phase-diagnostic/q3-edge-permutation/20260826T110853Z-249443/permutation-102/repeats-300/repetition-1/none/d2d.log,NA
102,"1,0,2",300,1,d2h-all,255M,160.221,13.130,0,0,pass,/home/songxb26/HyLink/Cu-Hylink-Analyse/doc/results/gpu-contention/queue-phase-diagnostic/q3-edge-permutation/20260826T110853Z-249443/permutation-102/repeats-300/repetition-1/d2h-all/d2d.json,/home/songxb26/HyLink/Cu-Hylink-Analyse/doc/results/gpu-contention/queue-phase-diagnostic/q3-edge-permutation/20260826T110853Z-249443/permutation-102/repeats-300/repetition-1/d2h-all/background.json,/home/songxb26/HyLink/Cu-Hylink-Analyse/doc/results/gpu-contention/queue-phase-diagnostic/q3-edge-permutation/20260826T110853Z-249443/permutation-102/repeats-300/repetition-1/d2h-all/d2d.log,/home/songxb26/HyLink/Cu-Hylink-Analyse/doc/results/gpu-contention/queue-phase-diagnostic/q3-edge-permutation/20260826T110853Z-249443/permutation-102/repeats-300/repetition-1/d2h-all/background.log
102,"1,0,2",300,2,none,255M,188.954,NA,0,0,pass,/home/songxb26/HyLink/Cu-Hylink-Analyse/doc/results/gpu-contention/queue-phase-diagnostic/q3-edge-permutation/20260826T110853Z-249443/permutation-102/repeats-300/repetition-2/none/d2d.json,/home/songxb26/HyLink/Cu-Hylink-Analyse/doc/results/gpu-contention/queue-phase-diagnostic/q3-edge-permutation/20260826T110853Z-249443/permutation-102/repeats-300/repetition-2/none/background.json,/home/songxb26/HyLink/Cu-Hylink-Analyse/doc/results/gpu-contention/queue-phase-diagnostic/q3-edge-permutation/20260826T110853Z-249443/permutation-102/repeats-300/repetition-2/none/d2d.log,NA
102,"1,0,2",300,2,d2h-all,255M,160.072,11.935,0,0,pass,/home/songxb26/HyLink/Cu-Hylink-Analyse/doc/results/gpu-contention/queue-phase-diagnostic/q3-edge-permutation/20260826T110853Z-249443/permutation-102/repeats-300/repetition-2/d2h-all/d2d.json,/home/songxb26/HyLink/Cu-Hylink-Analyse/doc/results/gpu-contention/queue-phase-diagnostic/q3-edge-permutation/20260826T110853Z-249443/permutation-102/repeats-300/repetition-2/d2h-all/background.json,/home/songxb26/HyLink/Cu-Hylink-Analyse/doc/results/gpu-contention/queue-phase-diagnostic/q3-edge-permutation/20260826T110853Z-249443/permutation-102/repeats-300/repetition-2/d2h-all/d2d.log,/home/songxb26/HyLink/Cu-Hylink-Analyse/doc/results/gpu-contention/queue-phase-diagnostic/q3-edge-permutation/20260826T110853Z-249443/permutation-102/repeats-300/repetition-2/d2h-all/background.log
102,"1,0,2",300,3,none,255M,188.956,NA,0,0,pass,/home/songxb26/HyLink/Cu-Hylink-Analyse/doc/results/gpu-contention/queue-phase-diagnostic/q3-edge-permutation/20260826T110853Z-249443/permutation-102/repeats-300/repetition-3/none/d2d.json,/home/songxb26/HyLink/Cu-Hylink-Analyse/doc/results/gpu-contention/queue-phase-diagnostic/q3-edge-permutation/20260826T110853Z-249443/permutation-102/repeats-300/repetition-3/none/background.json,/home/songxb26/HyLink/Cu-Hylink-Analyse/doc/results/gpu-contention/queue-phase-diagnostic/q3-edge-permutation/20260826T110853Z-249443/permutation-102/repeats-300/repetition-3/none/d2d.log,NA
102,"1,0,2",300,3,d2h-all,255M,160.263,13.148,0,0,pass,/home/songxb26/HyLink/Cu-Hylink-Analyse/doc/results/gpu-contention/queue-phase-diagnostic/q3-edge-permutation/20260826T110853Z-249443/permutation-102/repeats-300/repetition-3/d2h-all/d2d.json,/home/songxb26/HyLink/Cu-Hylink-Analyse/doc/results/gpu-contention/queue-phase-diagnostic/q3-edge-permutation/20260826T110853Z-249443/permutation-102/repeats-300/repetition-3/d2h-all/background.json,/home/songxb26/HyLink/Cu-Hylink-Analyse/doc/results/gpu-contention/queue-phase-diagnostic/q3-edge-permutation/20260826T110853Z-249443/permutation-102/repeats-300/repetition-3/d2h-all/d2d.log,/home/songxb26/HyLink/Cu-Hylink-Analyse/doc/results/gpu-contention/queue-phase-diagnostic/q3-edge-permutation/20260826T110853Z-249443/permutation-102/repeats-300/repetition-3/d2h-all/background.log
