streamsPerSource,repeats,repetition,scenario,size,d2dAggregateGBps,backgroundAggregateGBps,d2dExit,backgroundExit,status,d2dJson,backgroundJson,d2dLog,backgroundLog
1,20,1,none,255M,176.243,NA,0,0,pass,/home/songxb26/HyLink/Cu-Hylink-Analyse/doc/results/gpu-contention/queue-phase-diagnostic/q2-stream-count/20260826T104819Z-233894/streams-1/repeats-20/repetition-1/none/d2d.json,/home/songxb26/HyLink/Cu-Hylink-Analyse/doc/results/gpu-contention/queue-phase-diagnostic/q2-stream-count/20260826T104819Z-233894/streams-1/repeats-20/repetition-1/none/background.json,/home/songxb26/HyLink/Cu-Hylink-Analyse/doc/results/gpu-contention/queue-phase-diagnostic/q2-stream-count/20260826T104819Z-233894/streams-1/repeats-20/repetition-1/none/d2d.log,NA
1,20,1,d2h-all,255M,127.756,14.215,0,0,pass,/home/songxb26/HyLink/Cu-Hylink-Analyse/doc/results/gpu-contention/queue-phase-diagnostic/q2-stream-count/20260826T104819Z-233894/streams-1/repeats-20/repetition-1/d2h-all/d2d.json,/home/songxb26/HyLink/Cu-Hylink-Analyse/doc/results/gpu-contention/queue-phase-diagnostic/q2-stream-count/20260826T104819Z-233894/streams-1/repeats-20/repetition-1/d2h-all/background.json,/home/songxb26/HyLink/Cu-Hylink-Analyse/doc/results/gpu-contention/queue-phase-diagnostic/q2-stream-count/20260826T104819Z-233894/streams-1/repeats-20/repetition-1/d2h-all/d2d.log,/home/songxb26/HyLink/Cu-Hylink-Analyse/doc/results/gpu-contention/queue-phase-diagnostic/q2-stream-count/20260826T104819Z-233894/streams-1/repeats-20/repetition-1/d2h-all/background.log
1,20,2,none,255M,179.825,NA,0,0,pass,/home/songxb26/HyLink/Cu-Hylink-Analyse/doc/results/gpu-contention/queue-phase-diagnostic/q2-stream-count/20260826T104819Z-233894/streams-1/repeats-20/repetition-2/none/d2d.json,/home/songxb26/HyLink/Cu-Hylink-Analyse/doc/results/gpu-contention/queue-phase-diagnostic/q2-stream-count/20260826T104819Z-233894/streams-1/repeats-20/repetition-2/none/background.json,/home/songxb26/HyLink/Cu-Hylink-Analyse/doc/results/gpu-contention/queue-phase-diagnostic/q2-stream-count/20260826T104819Z-233894/streams-1/repeats-20/repetition-2/none/d2d.log,NA
1,20,2,d2h-all,255M,127.686,11.567,0,0,pass,/home/songxb26/HyLink/Cu-Hylink-Analyse/doc/results/gpu-contention/queue-phase-diagnostic/q2-stream-count/20260826T104819Z-233894/streams-1/repeats-20/repetition-2/d2h-all/d2d.json,/home/songxb26/HyLink/Cu-Hylink-Analyse/doc/results/gpu-contention/queue-phase-diagnostic/q2-stream-count/20260826T104819Z-233894/streams-1/repeats-20/repetition-2/d2h-all/background.json,/home/songxb26/HyLink/Cu-Hylink-Analyse/doc/results/gpu-contention/queue-phase-diagnostic/q2-stream-count/20260826T104819Z-233894/streams-1/repeats-20/repetition-2/d2h-all/d2d.log,/home/songxb26/HyLink/Cu-Hylink-Analyse/doc/results/gpu-contention/queue-phase-diagnostic/q2-stream-count/20260826T104819Z-233894/streams-1/repeats-20/repetition-2/d2h-all/background.log
1,20,3,none,255M,179.828,NA,0,0,pass,/home/songxb26/HyLink/Cu-Hylink-Analyse/doc/results/gpu-contention/queue-phase-diagnostic/q2-stream-count/20260826T104819Z-233894/streams-1/repeats-20/repetition-3/none/d2d.json,/home/songxb26/HyLink/Cu-Hylink-Analyse/doc/results/gpu-contention/queue-phase-diagnostic/q2-stream-count/20260826T104819Z-233894/streams-1/repeats-20/repetition-3/none/background.json,/home/songxb26/HyLink/Cu-Hylink-Analyse/doc/results/gpu-contention/queue-phase-diagnostic/q2-stream-count/20260826T104819Z-233894/streams-1/repeats-20/repetition-3/none/d2d.log,NA
1,20,3,d2h-all,255M,128.083,11.843,0,0,pass,/home/songxb26/HyLink/Cu-Hylink-Analyse/doc/results/gpu-contention/queue-phase-diagnostic/q2-stream-count/20260826T104819Z-233894/streams-1/repeats-20/repetition-3/d2h-all/d2d.json,/home/songxb26/HyLink/Cu-Hylink-Analyse/doc/results/gpu-contention/queue-phase-diagnostic/q2-stream-count/20260826T104819Z-233894/streams-1/repeats-20/repetition-3/d2h-all/background.json,/home/songxb26/HyLink/Cu-Hylink-Analyse/doc/results/gpu-contention/queue-phase-diagnostic/q2-stream-count/20260826T104819Z-233894/streams-1/repeats-20/repetition-3/d2h-all/d2d.log,/home/songxb26/HyLink/Cu-Hylink-Analyse/doc/results/gpu-contention/queue-phase-diagnostic/q2-stream-count/20260826T104819Z-233894/streams-1/repeats-20/repetition-3/d2h-all/background.log
1,300,1,none,255M,188.956,NA,0,0,pass,/home/songxb26/HyLink/Cu-Hylink-Analyse/doc/results/gpu-contention/queue-phase-diagnostic/q2-stream-count/20260826T104819Z-233894/streams-1/repeats-300/repetition-1/none/d2d.json,/home/songxb26/HyLink/Cu-Hylink-Analyse/doc/results/gpu-contention/queue-phase-diagnostic/q2-stream-count/20260826T104819Z-233894/streams-1/repeats-300/repetition-1/none/background.json,/home/songxb26/HyLink/Cu-Hylink-Analyse/doc/results/gpu-contention/queue-phase-diagnostic/q2-stream-count/20260826T104819Z-233894/streams-1/repeats-300/repetition-1/none/d2d.log,NA
1,300,1,d2h-all,255M,160.355,12.807,0,0,pass,/home/songxb26/HyLink/Cu-Hylink-Analyse/doc/results/gpu-contention/queue-phase-diagnostic/q2-stream-count/20260826T104819Z-233894/streams-1/repeats-300/repetition-1/d2h-all/d2d.json,/home/songxb26/HyLink/Cu-Hylink-Analyse/doc/results/gpu-contention/queue-phase-diagnostic/q2-stream-count/20260826T104819Z-233894/streams-1/repeats-300/repetition-1/d2h-all/background.json,/home/songxb26/HyLink/Cu-Hylink-Analyse/doc/results/gpu-contention/queue-phase-diagnostic/q2-stream-count/20260826T104819Z-233894/streams-1/repeats-300/repetition-1/d2h-all/d2d.log,/home/songxb26/HyLink/Cu-Hylink-Analyse/doc/results/gpu-contention/queue-phase-diagnostic/q2-stream-count/20260826T104819Z-233894/streams-1/repeats-300/repetition-1/d2h-all/background.log
1,300,2,none,255M,188.957,NA,0,0,pass,/home/songxb26/HyLink/Cu-Hylink-Analyse/doc/results/gpu-contention/queue-phase-diagnostic/q2-stream-count/20260826T104819Z-233894/streams-1/repeats-300/repetition-2/none/d2d.json,/home/songxb26/HyLink/Cu-Hylink-Analyse/doc/results/gpu-contention/queue-phase-diagnostic/q2-stream-count/20260826T104819Z-233894/streams-1/repeats-300/repetition-2/none/background.json,/home/songxb26/HyLink/Cu-Hylink-Analyse/doc/results/gpu-contention/queue-phase-diagnostic/q2-stream-count/20260826T104819Z-233894/streams-1/repeats-300/repetition-2/none/d2d.log,NA
1,300,2,d2h-all,255M,160.363,12.767,0,0,pass,/home/songxb26/HyLink/Cu-Hylink-Analyse/doc/results/gpu-contention/queue-phase-diagnostic/q2-stream-count/20260826T104819Z-233894/streams-1/repeats-300/repetition-2/d2h-all/d2d.json,/home/songxb26/HyLink/Cu-Hylink-Analyse/doc/results/gpu-contention/queue-phase-diagnostic/q2-stream-count/20260826T104819Z-233894/streams-1/repeats-300/repetition-2/d2h-all/background.json,/home/songxb26/HyLink/Cu-Hylink-Analyse/doc/results/gpu-contention/queue-phase-diagnostic/q2-stream-count/20260826T104819Z-233894/streams-1/repeats-300/repetition-2/d2h-all/d2d.log,/home/songxb26/HyLink/Cu-Hylink-Analyse/doc/results/gpu-contention/queue-phase-diagnostic/q2-stream-count/20260826T104819Z-233894/streams-1/repeats-300/repetition-2/d2h-all/background.log
1,300,3,none,255M,188.923,NA,0,0,pass,/home/songxb26/HyLink/Cu-Hylink-Analyse/doc/results/gpu-contention/queue-phase-diagnostic/q2-stream-count/20260826T104819Z-233894/streams-1/repeats-300/repetition-3/none/d2d.json,/home/songxb26/HyLink/Cu-Hylink-Analyse/doc/results/gpu-contention/queue-phase-diagnostic/q2-stream-count/20260826T104819Z-233894/streams-1/repeats-300/repetition-3/none/background.json,/home/songxb26/HyLink/Cu-Hylink-Analyse/doc/results/gpu-contention/queue-phase-diagnostic/q2-stream-count/20260826T104819Z-233894/streams-1/repeats-300/repetition-3/none/d2d.log,NA
1,300,3,d2h-all,255M,160.043,12.797,0,0,pass,/home/songxb26/HyLink/Cu-Hylink-Analyse/doc/results/gpu-contention/queue-phase-diagnostic/q2-stream-count/20260826T104819Z-233894/streams-1/repeats-300/repetition-3/d2h-all/d2d.json,/home/songxb26/HyLink/Cu-Hylink-Analyse/doc/results/gpu-contention/queue-phase-diagnostic/q2-stream-count/20260826T104819Z-233894/streams-1/repeats-300/repetition-3/d2h-all/background.json,/home/songxb26/HyLink/Cu-Hylink-Analyse/doc/results/gpu-contention/queue-phase-diagnostic/q2-stream-count/20260826T104819Z-233894/streams-1/repeats-300/repetition-3/d2h-all/d2d.log,/home/songxb26/HyLink/Cu-Hylink-Analyse/doc/results/gpu-contention/queue-phase-diagnostic/q2-stream-count/20260826T104819Z-233894/streams-1/repeats-300/repetition-3/d2h-all/background.log
2,20,1,none,255M,260.513,NA,0,0,pass,/home/songxb26/HyLink/Cu-Hylink-Analyse/doc/results/gpu-contention/queue-phase-diagnostic/q2-stream-count/20260826T104819Z-233894/streams-2/repeats-20/repetition-1/none/d2d.json,/home/songxb26/HyLink/Cu-Hylink-Analyse/doc/results/gpu-contention/queue-phase-diagnostic/q2-stream-count/20260826T104819Z-233894/streams-2/repeats-20/repetition-1/none/background.json,/home/songxb26/HyLink/Cu-Hylink-Analyse/doc/results/gpu-contention/queue-phase-diagnostic/q2-stream-count/20260826T104819Z-233894/streams-2/repeats-20/repetition-1/none/d2d.log,NA
2,20,1,d2h-all,255M,162.166,11.219,0,0,pass,/home/songxb26/HyLink/Cu-Hylink-Analyse/doc/results/gpu-contention/queue-phase-diagnostic/q2-stream-count/20260826T104819Z-233894/streams-2/repeats-20/repetition-1/d2h-all/d2d.json,/home/songxb26/HyLink/Cu-Hylink-Analyse/doc/results/gpu-contention/queue-phase-diagnostic/q2-stream-count/20260826T104819Z-233894/streams-2/repeats-20/repetition-1/d2h-all/background.json,/home/songxb26/HyLink/Cu-Hylink-Analyse/doc/results/gpu-contention/queue-phase-diagnostic/q2-stream-count/20260826T104819Z-233894/streams-2/repeats-20/repetition-1/d2h-all/d2d.log,/home/songxb26/HyLink/Cu-Hylink-Analyse/doc/results/gpu-contention/queue-phase-diagnostic/q2-stream-count/20260826T104819Z-233894/streams-2/repeats-20/repetition-1/d2h-all/background.log
2,20,2,none,255M,260.461,NA,0,0,pass,/home/songxb26/HyLink/Cu-Hylink-Analyse/doc/results/gpu-contention/queue-phase-diagnostic/q2-stream-count/20260826T104819Z-233894/streams-2/repeats-20/repetition-2/none/d2d.json,/home/songxb26/HyLink/Cu-Hylink-Analyse/doc/results/gpu-contention/queue-phase-diagnostic/q2-stream-count/20260826T104819Z-233894/streams-2/repeats-20/repetition-2/none/background.json,/home/songxb26/HyLink/Cu-Hylink-Analyse/doc/results/gpu-contention/queue-phase-diagnostic/q2-stream-count/20260826T104819Z-233894/streams-2/repeats-20/repetition-2/none/d2d.log,NA
2,20,2,d2h-all,255M,162.513,15.983,0,0,pass,/home/songxb26/HyLink/Cu-Hylink-Analyse/doc/results/gpu-contention/queue-phase-diagnostic/q2-stream-count/20260826T104819Z-233894/streams-2/repeats-20/repetition-2/d2h-all/d2d.json,/home/songxb26/HyLink/Cu-Hylink-Analyse/doc/results/gpu-contention/queue-phase-diagnostic/q2-stream-count/20260826T104819Z-233894/streams-2/repeats-20/repetition-2/d2h-all/background.json,/home/songxb26/HyLink/Cu-Hylink-Analyse/doc/results/gpu-contention/queue-phase-diagnostic/q2-stream-count/20260826T104819Z-233894/streams-2/repeats-20/repetition-2/d2h-all/d2d.log,/home/songxb26/HyLink/Cu-Hylink-Analyse/doc/results/gpu-contention/queue-phase-diagnostic/q2-stream-count/20260826T104819Z-233894/streams-2/repeats-20/repetition-2/d2h-all/background.log
2,20,3,none,255M,260.455,NA,0,0,pass,/home/songxb26/HyLink/Cu-Hylink-Analyse/doc/results/gpu-contention/queue-phase-diagnostic/q2-stream-count/20260826T104819Z-233894/streams-2/repeats-20/repetition-3/none/d2d.json,/home/songxb26/HyLink/Cu-Hylink-Analyse/doc/results/gpu-contention/queue-phase-diagnostic/q2-stream-count/20260826T104819Z-233894/streams-2/repeats-20/repetition-3/none/background.json,/home/songxb26/HyLink/Cu-Hylink-Analyse/doc/results/gpu-contention/queue-phase-diagnostic/q2-stream-count/20260826T104819Z-233894/streams-2/repeats-20/repetition-3/none/d2d.log,NA
2,20,3,d2h-all,255M,162.280,14.394,0,0,pass,/home/songxb26/HyLink/Cu-Hylink-Analyse/doc/results/gpu-contention/queue-phase-diagnostic/q2-stream-count/20260826T104819Z-233894/streams-2/repeats-20/repetition-3/d2h-all/d2d.json,/home/songxb26/HyLink/Cu-Hylink-Analyse/doc/results/gpu-contention/queue-phase-diagnostic/q2-stream-count/20260826T104819Z-233894/streams-2/repeats-20/repetition-3/d2h-all/background.json,/home/songxb26/HyLink/Cu-Hylink-Analyse/doc/results/gpu-contention/queue-phase-diagnostic/q2-stream-count/20260826T104819Z-233894/streams-2/repeats-20/repetition-3/d2h-all/d2d.log,/home/songxb26/HyLink/Cu-Hylink-Analyse/doc/results/gpu-contention/queue-phase-diagnostic/q2-stream-count/20260826T104819Z-233894/streams-2/repeats-20/repetition-3/d2h-all/background.log
2,300,1,none,255M,260.509,NA,0,0,pass,/home/songxb26/HyLink/Cu-Hylink-Analyse/doc/results/gpu-contention/queue-phase-diagnostic/q2-stream-count/20260826T104819Z-233894/streams-2/repeats-300/repetition-1/none/d2d.json,/home/songxb26/HyLink/Cu-Hylink-Analyse/doc/results/gpu-contention/queue-phase-diagnostic/q2-stream-count/20260826T104819Z-233894/streams-2/repeats-300/repetition-1/none/background.json,/home/songxb26/HyLink/Cu-Hylink-Analyse/doc/results/gpu-contention/queue-phase-diagnostic/q2-stream-count/20260826T104819Z-233894/streams-2/repeats-300/repetition-1/none/d2d.log,NA
2,300,1,d2h-all,255M,162.716,12.501,0,0,pass,/home/songxb26/HyLink/Cu-Hylink-Analyse/doc/results/gpu-contention/queue-phase-diagnostic/q2-stream-count/20260826T104819Z-233894/streams-2/repeats-300/repetition-1/d2h-all/d2d.json,/home/songxb26/HyLink/Cu-Hylink-Analyse/doc/results/gpu-contention/queue-phase-diagnostic/q2-stream-count/20260826T104819Z-233894/streams-2/repeats-300/repetition-1/d2h-all/background.json,/home/songxb26/HyLink/Cu-Hylink-Analyse/doc/results/gpu-contention/queue-phase-diagnostic/q2-stream-count/20260826T104819Z-233894/streams-2/repeats-300/repetition-1/d2h-all/d2d.log,/home/songxb26/HyLink/Cu-Hylink-Analyse/doc/results/gpu-contention/queue-phase-diagnostic/q2-stream-count/20260826T104819Z-233894/streams-2/repeats-300/repetition-1/d2h-all/background.log
2,300,2,none,255M,260.530,NA,0,0,pass,/home/songxb26/HyLink/Cu-Hylink-Analyse/doc/results/gpu-contention/queue-phase-diagnostic/q2-stream-count/20260826T104819Z-233894/streams-2/repeats-300/repetition-2/none/d2d.json,/home/songxb26/HyLink/Cu-Hylink-Analyse/doc/results/gpu-contention/queue-phase-diagnostic/q2-stream-count/20260826T104819Z-233894/streams-2/repeats-300/repetition-2/none/background.json,/home/songxb26/HyLink/Cu-Hylink-Analyse/doc/results/gpu-contention/queue-phase-diagnostic/q2-stream-count/20260826T104819Z-233894/streams-2/repeats-300/repetition-2/none/d2d.log,NA
2,300,2,d2h-all,255M,162.651,12.445,0,0,pass,/home/songxb26/HyLink/Cu-Hylink-Analyse/doc/results/gpu-contention/queue-phase-diagnostic/q2-stream-count/20260826T104819Z-233894/streams-2/repeats-300/repetition-2/d2h-all/d2d.json,/home/songxb26/HyLink/Cu-Hylink-Analyse/doc/results/gpu-contention/queue-phase-diagnostic/q2-stream-count/20260826T104819Z-233894/streams-2/repeats-300/repetition-2/d2h-all/background.json,/home/songxb26/HyLink/Cu-Hylink-Analyse/doc/results/gpu-contention/queue-phase-diagnostic/q2-stream-count/20260826T104819Z-233894/streams-2/repeats-300/repetition-2/d2h-all/d2d.log,/home/songxb26/HyLink/Cu-Hylink-Analyse/doc/results/gpu-contention/queue-phase-diagnostic/q2-stream-count/20260826T104819Z-233894/streams-2/repeats-300/repetition-2/d2h-all/background.log
2,300,3,none,255M,260.509,NA,0,0,pass,/home/songxb26/HyLink/Cu-Hylink-Analyse/doc/results/gpu-contention/queue-phase-diagnostic/q2-stream-count/20260826T104819Z-233894/streams-2/repeats-300/repetition-3/none/d2d.json,/home/songxb26/HyLink/Cu-Hylink-Analyse/doc/results/gpu-contention/queue-phase-diagnostic/q2-stream-count/20260826T104819Z-233894/streams-2/repeats-300/repetition-3/none/background.json,/home/songxb26/HyLink/Cu-Hylink-Analyse/doc/results/gpu-contention/queue-phase-diagnostic/q2-stream-count/20260826T104819Z-233894/streams-2/repeats-300/repetition-3/none/d2d.log,NA
2,300,3,d2h-all,255M,162.592,12.379,0,0,pass,/home/songxb26/HyLink/Cu-Hylink-Analyse/doc/results/gpu-contention/queue-phase-diagnostic/q2-stream-count/20260826T104819Z-233894/streams-2/repeats-300/repetition-3/d2h-all/d2d.json,/home/songxb26/HyLink/Cu-Hylink-Analyse/doc/results/gpu-contention/queue-phase-diagnostic/q2-stream-count/20260826T104819Z-233894/streams-2/repeats-300/repetition-3/d2h-all/background.json,/home/songxb26/HyLink/Cu-Hylink-Analyse/doc/results/gpu-contention/queue-phase-diagnostic/q2-stream-count/20260826T104819Z-233894/streams-2/repeats-300/repetition-3/d2h-all/d2d.log,/home/songxb26/HyLink/Cu-Hylink-Analyse/doc/results/gpu-contention/queue-phase-diagnostic/q2-stream-count/20260826T104819Z-233894/streams-2/repeats-300/repetition-3/d2h-all/background.log
3,20,1,none,255M,581.649,NA,0,0,pass,/home/songxb26/HyLink/Cu-Hylink-Analyse/doc/results/gpu-contention/queue-phase-diagnostic/q2-stream-count/20260826T104819Z-233894/streams-3/repeats-20/repetition-1/none/d2d.json,/home/songxb26/HyLink/Cu-Hylink-Analyse/doc/results/gpu-contention/queue-phase-diagnostic/q2-stream-count/20260826T104819Z-233894/streams-3/repeats-20/repetition-1/none/background.json,/home/songxb26/HyLink/Cu-Hylink-Analyse/doc/results/gpu-contention/queue-phase-diagnostic/q2-stream-count/20260826T104819Z-233894/streams-3/repeats-20/repetition-1/none/d2d.log,NA
3,20,1,d2h-all,255M,577.978,16.707,0,0,pass,/home/songxb26/HyLink/Cu-Hylink-Analyse/doc/results/gpu-contention/queue-phase-diagnostic/q2-stream-count/20260826T104819Z-233894/streams-3/repeats-20/repetition-1/d2h-all/d2d.json,/home/songxb26/HyLink/Cu-Hylink-Analyse/doc/results/gpu-contention/queue-phase-diagnostic/q2-stream-count/20260826T104819Z-233894/streams-3/repeats-20/repetition-1/d2h-all/background.json,/home/songxb26/HyLink/Cu-Hylink-Analyse/doc/results/gpu-contention/queue-phase-diagnostic/q2-stream-count/20260826T104819Z-233894/streams-3/repeats-20/repetition-1/d2h-all/d2d.log,/home/songxb26/HyLink/Cu-Hylink-Analyse/doc/results/gpu-contention/queue-phase-diagnostic/q2-stream-count/20260826T104819Z-233894/streams-3/repeats-20/repetition-1/d2h-all/background.log
3,20,2,none,255M,581.656,NA,0,0,pass,/home/songxb26/HyLink/Cu-Hylink-Analyse/doc/results/gpu-contention/queue-phase-diagnostic/q2-stream-count/20260826T104819Z-233894/streams-3/repeats-20/repetition-2/none/d2d.json,/home/songxb26/HyLink/Cu-Hylink-Analyse/doc/results/gpu-contention/queue-phase-diagnostic/q2-stream-count/20260826T104819Z-233894/streams-3/repeats-20/repetition-2/none/background.json,/home/songxb26/HyLink/Cu-Hylink-Analyse/doc/results/gpu-contention/queue-phase-diagnostic/q2-stream-count/20260826T104819Z-233894/streams-3/repeats-20/repetition-2/none/d2d.log,NA
3,20,2,d2h-all,255M,577.983,12.725,0,0,pass,/home/songxb26/HyLink/Cu-Hylink-Analyse/doc/results/gpu-contention/queue-phase-diagnostic/q2-stream-count/20260826T104819Z-233894/streams-3/repeats-20/repetition-2/d2h-all/d2d.json,/home/songxb26/HyLink/Cu-Hylink-Analyse/doc/results/gpu-contention/queue-phase-diagnostic/q2-stream-count/20260826T104819Z-233894/streams-3/repeats-20/repetition-2/d2h-all/background.json,/home/songxb26/HyLink/Cu-Hylink-Analyse/doc/results/gpu-contention/queue-phase-diagnostic/q2-stream-count/20260826T104819Z-233894/streams-3/repeats-20/repetition-2/d2h-all/d2d.log,/home/songxb26/HyLink/Cu-Hylink-Analyse/doc/results/gpu-contention/queue-phase-diagnostic/q2-stream-count/20260826T104819Z-233894/streams-3/repeats-20/repetition-2/d2h-all/background.log
3,20,3,none,255M,581.642,NA,0,0,pass,/home/songxb26/HyLink/Cu-Hylink-Analyse/doc/results/gpu-contention/queue-phase-diagnostic/q2-stream-count/20260826T104819Z-233894/streams-3/repeats-20/repetition-3/none/d2d.json,/home/songxb26/HyLink/Cu-Hylink-Analyse/doc/results/gpu-contention/queue-phase-diagnostic/q2-stream-count/20260826T104819Z-233894/streams-3/repeats-20/repetition-3/none/background.json,/home/songxb26/HyLink/Cu-Hylink-Analyse/doc/results/gpu-contention/queue-phase-diagnostic/q2-stream-count/20260826T104819Z-233894/streams-3/repeats-20/repetition-3/none/d2d.log,NA
3,20,3,d2h-all,255M,578.010,15.299,0,0,pass,/home/songxb26/HyLink/Cu-Hylink-Analyse/doc/results/gpu-contention/queue-phase-diagnostic/q2-stream-count/20260826T104819Z-233894/streams-3/repeats-20/repetition-3/d2h-all/d2d.json,/home/songxb26/HyLink/Cu-Hylink-Analyse/doc/results/gpu-contention/queue-phase-diagnostic/q2-stream-count/20260826T104819Z-233894/streams-3/repeats-20/repetition-3/d2h-all/background.json,/home/songxb26/HyLink/Cu-Hylink-Analyse/doc/results/gpu-contention/queue-phase-diagnostic/q2-stream-count/20260826T104819Z-233894/streams-3/repeats-20/repetition-3/d2h-all/d2d.log,/home/songxb26/HyLink/Cu-Hylink-Analyse/doc/results/gpu-contention/queue-phase-diagnostic/q2-stream-count/20260826T104819Z-233894/streams-3/repeats-20/repetition-3/d2h-all/background.log
3,300,1,none,255M,581.873,NA,0,0,pass,/home/songxb26/HyLink/Cu-Hylink-Analyse/doc/results/gpu-contention/queue-phase-diagnostic/q2-stream-count/20260826T104819Z-233894/streams-3/repeats-300/repetition-1/none/d2d.json,/home/songxb26/HyLink/Cu-Hylink-Analyse/doc/results/gpu-contention/queue-phase-diagnostic/q2-stream-count/20260826T104819Z-233894/streams-3/repeats-300/repetition-1/none/background.json,/home/songxb26/HyLink/Cu-Hylink-Analyse/doc/results/gpu-contention/queue-phase-diagnostic/q2-stream-count/20260826T104819Z-233894/streams-3/repeats-300/repetition-1/none/d2d.log,NA
3,300,1,d2h-all,255M,578.144,14.371,0,0,pass,/home/songxb26/HyLink/Cu-Hylink-Analyse/doc/results/gpu-contention/queue-phase-diagnostic/q2-stream-count/20260826T104819Z-233894/streams-3/repeats-300/repetition-1/d2h-all/d2d.json,/home/songxb26/HyLink/Cu-Hylink-Analyse/doc/results/gpu-contention/queue-phase-diagnostic/q2-stream-count/20260826T104819Z-233894/streams-3/repeats-300/repetition-1/d2h-all/background.json,/home/songxb26/HyLink/Cu-Hylink-Analyse/doc/results/gpu-contention/queue-phase-diagnostic/q2-stream-count/20260826T104819Z-233894/streams-3/repeats-300/repetition-1/d2h-all/d2d.log,/home/songxb26/HyLink/Cu-Hylink-Analyse/doc/results/gpu-contention/queue-phase-diagnostic/q2-stream-count/20260826T104819Z-233894/streams-3/repeats-300/repetition-1/d2h-all/background.log
3,300,2,none,255M,581.874,NA,0,0,pass,/home/songxb26/HyLink/Cu-Hylink-Analyse/doc/results/gpu-contention/queue-phase-diagnostic/q2-stream-count/20260826T104819Z-233894/streams-3/repeats-300/repetition-2/none/d2d.json,/home/songxb26/HyLink/Cu-Hylink-Analyse/doc/results/gpu-contention/queue-phase-diagnostic/q2-stream-count/20260826T104819Z-233894/streams-3/repeats-300/repetition-2/none/background.json,/home/songxb26/HyLink/Cu-Hylink-Analyse/doc/results/gpu-contention/queue-phase-diagnostic/q2-stream-count/20260826T104819Z-233894/streams-3/repeats-300/repetition-2/none/d2d.log,NA
3,300,2,d2h-all,255M,578.199,15.137,0,0,pass,/home/songxb26/HyLink/Cu-Hylink-Analyse/doc/results/gpu-contention/queue-phase-diagnostic/q2-stream-count/20260826T104819Z-233894/streams-3/repeats-300/repetition-2/d2h-all/d2d.json,/home/songxb26/HyLink/Cu-Hylink-Analyse/doc/results/gpu-contention/queue-phase-diagnostic/q2-stream-count/20260826T104819Z-233894/streams-3/repeats-300/repetition-2/d2h-all/background.json,/home/songxb26/HyLink/Cu-Hylink-Analyse/doc/results/gpu-contention/queue-phase-diagnostic/q2-stream-count/20260826T104819Z-233894/streams-3/repeats-300/repetition-2/d2h-all/d2d.log,/home/songxb26/HyLink/Cu-Hylink-Analyse/doc/results/gpu-contention/queue-phase-diagnostic/q2-stream-count/20260826T104819Z-233894/streams-3/repeats-300/repetition-2/d2h-all/background.log
3,300,3,none,255M,581.869,NA,0,0,pass,/home/songxb26/HyLink/Cu-Hylink-Analyse/doc/results/gpu-contention/queue-phase-diagnostic/q2-stream-count/20260826T104819Z-233894/streams-3/repeats-300/repetition-3/none/d2d.json,/home/songxb26/HyLink/Cu-Hylink-Analyse/doc/results/gpu-contention/queue-phase-diagnostic/q2-stream-count/20260826T104819Z-233894/streams-3/repeats-300/repetition-3/none/background.json,/home/songxb26/HyLink/Cu-Hylink-Analyse/doc/results/gpu-contention/queue-phase-diagnostic/q2-stream-count/20260826T104819Z-233894/streams-3/repeats-300/repetition-3/none/d2d.log,NA
3,300,3,d2h-all,255M,578.148,13.449,0,0,pass,/home/songxb26/HyLink/Cu-Hylink-Analyse/doc/results/gpu-contention/queue-phase-diagnostic/q2-stream-count/20260826T104819Z-233894/streams-3/repeats-300/repetition-3/d2h-all/d2d.json,/home/songxb26/HyLink/Cu-Hylink-Analyse/doc/results/gpu-contention/queue-phase-diagnostic/q2-stream-count/20260826T104819Z-233894/streams-3/repeats-300/repetition-3/d2h-all/background.json,/home/songxb26/HyLink/Cu-Hylink-Analyse/doc/results/gpu-contention/queue-phase-diagnostic/q2-stream-count/20260826T104819Z-233894/streams-3/repeats-300/repetition-3/d2h-all/d2d.log,/home/songxb26/HyLink/Cu-Hylink-Analyse/doc/results/gpu-contention/queue-phase-diagnostic/q2-stream-count/20260826T104819Z-233894/streams-3/repeats-300/repetition-3/d2h-all/background.log
