streamAssignment,assignmentId,repeats,repetition,scenario,d2dSize,backgroundSize,d2dAggregateGBps,backgroundAggregateGBps,d2dExit,backgroundExit,status,d2dJson,backgroundJson,d2dLog,backgroundLog
"0,1,1",011,20,1,none,255M,8M,247.447,NA,0,0,pass,/home/songxb26/HyLink/Cu-Hylink-Analyse/doc/results/gpu-contention/queue-phase-diagnostic/stream-assignment/20260826T163827Z-338551/assignment-011/repeats-20/repetition-1/none/d2d.json,/home/songxb26/HyLink/Cu-Hylink-Analyse/doc/results/gpu-contention/queue-phase-diagnostic/stream-assignment/20260826T163827Z-338551/assignment-011/repeats-20/repetition-1/none/background.json,/home/songxb26/HyLink/Cu-Hylink-Analyse/doc/results/gpu-contention/queue-phase-diagnostic/stream-assignment/20260826T163827Z-338551/assignment-011/repeats-20/repetition-1/none/d2d.log,NA
"0,1,1",011,20,1,d2h-all,255M,8M,180.300,13.361,0,0,pass,/home/songxb26/HyLink/Cu-Hylink-Analyse/doc/results/gpu-contention/queue-phase-diagnostic/stream-assignment/20260826T163827Z-338551/assignment-011/repeats-20/repetition-1/d2h-all/d2d.json,/home/songxb26/HyLink/Cu-Hylink-Analyse/doc/results/gpu-contention/queue-phase-diagnostic/stream-assignment/20260826T163827Z-338551/assignment-011/repeats-20/repetition-1/d2h-all/background.json,/home/songxb26/HyLink/Cu-Hylink-Analyse/doc/results/gpu-contention/queue-phase-diagnostic/stream-assignment/20260826T163827Z-338551/assignment-011/repeats-20/repetition-1/d2h-all/d2d.log,/home/songxb26/HyLink/Cu-Hylink-Analyse/doc/results/gpu-contention/queue-phase-diagnostic/stream-assignment/20260826T163827Z-338551/assignment-011/repeats-20/repetition-1/d2h-all/background.log
"0,1,1",011,20,2,none,255M,8M,260.396,NA,0,0,pass,/home/songxb26/HyLink/Cu-Hylink-Analyse/doc/results/gpu-contention/queue-phase-diagnostic/stream-assignment/20260826T163827Z-338551/assignment-011/repeats-20/repetition-2/none/d2d.json,/home/songxb26/HyLink/Cu-Hylink-Analyse/doc/results/gpu-contention/queue-phase-diagnostic/stream-assignment/20260826T163827Z-338551/assignment-011/repeats-20/repetition-2/none/background.json,/home/songxb26/HyLink/Cu-Hylink-Analyse/doc/results/gpu-contention/queue-phase-diagnostic/stream-assignment/20260826T163827Z-338551/assignment-011/repeats-20/repetition-2/none/d2d.log,NA
"0,1,1",011,20,2,d2h-all,255M,8M,180.434,13.012,0,0,pass,/home/songxb26/HyLink/Cu-Hylink-Analyse/doc/results/gpu-contention/queue-phase-diagnostic/stream-assignment/20260826T163827Z-338551/assignment-011/repeats-20/repetition-2/d2h-all/d2d.json,/home/songxb26/HyLink/Cu-Hylink-Analyse/doc/results/gpu-contention/queue-phase-diagnostic/stream-assignment/20260826T163827Z-338551/assignment-011/repeats-20/repetition-2/d2h-all/background.json,/home/songxb26/HyLink/Cu-Hylink-Analyse/doc/results/gpu-contention/queue-phase-diagnostic/stream-assignment/20260826T163827Z-338551/assignment-011/repeats-20/repetition-2/d2h-all/d2d.log,/home/songxb26/HyLink/Cu-Hylink-Analyse/doc/results/gpu-contention/queue-phase-diagnostic/stream-assignment/20260826T163827Z-338551/assignment-011/repeats-20/repetition-2/d2h-all/background.log
"0,1,1",011,20,3,none,255M,8M,260.495,NA,0,0,pass,/home/songxb26/HyLink/Cu-Hylink-Analyse/doc/results/gpu-contention/queue-phase-diagnostic/stream-assignment/20260826T163827Z-338551/assignment-011/repeats-20/repetition-3/none/d2d.json,/home/songxb26/HyLink/Cu-Hylink-Analyse/doc/results/gpu-contention/queue-phase-diagnostic/stream-assignment/20260826T163827Z-338551/assignment-011/repeats-20/repetition-3/none/background.json,/home/songxb26/HyLink/Cu-Hylink-Analyse/doc/results/gpu-contention/queue-phase-diagnostic/stream-assignment/20260826T163827Z-338551/assignment-011/repeats-20/repetition-3/none/d2d.log,NA
"0,1,1",011,20,3,d2h-all,255M,8M,176.187,13.419,0,0,pass,/home/songxb26/HyLink/Cu-Hylink-Analyse/doc/results/gpu-contention/queue-phase-diagnostic/stream-assignment/20260826T163827Z-338551/assignment-011/repeats-20/repetition-3/d2h-all/d2d.json,/home/songxb26/HyLink/Cu-Hylink-Analyse/doc/results/gpu-contention/queue-phase-diagnostic/stream-assignment/20260826T163827Z-338551/assignment-011/repeats-20/repetition-3/d2h-all/background.json,/home/songxb26/HyLink/Cu-Hylink-Analyse/doc/results/gpu-contention/queue-phase-diagnostic/stream-assignment/20260826T163827Z-338551/assignment-011/repeats-20/repetition-3/d2h-all/d2d.log,/home/songxb26/HyLink/Cu-Hylink-Analyse/doc/results/gpu-contention/queue-phase-diagnostic/stream-assignment/20260826T163827Z-338551/assignment-011/repeats-20/repetition-3/d2h-all/background.log
"0,1,1",011,300,1,none,255M,8M,260.440,NA,0,0,pass,/home/songxb26/HyLink/Cu-Hylink-Analyse/doc/results/gpu-contention/queue-phase-diagnostic/stream-assignment/20260826T163827Z-338551/assignment-011/repeats-300/repetition-1/none/d2d.json,/home/songxb26/HyLink/Cu-Hylink-Analyse/doc/results/gpu-contention/queue-phase-diagnostic/stream-assignment/20260826T163827Z-338551/assignment-011/repeats-300/repetition-1/none/background.json,/home/songxb26/HyLink/Cu-Hylink-Analyse/doc/results/gpu-contention/queue-phase-diagnostic/stream-assignment/20260826T163827Z-338551/assignment-011/repeats-300/repetition-1/none/d2d.log,NA
"0,1,1",011,300,1,d2h-all,255M,8M,179.736,12.792,0,0,pass,/home/songxb26/HyLink/Cu-Hylink-Analyse/doc/results/gpu-contention/queue-phase-diagnostic/stream-assignment/20260826T163827Z-338551/assignment-011/repeats-300/repetition-1/d2h-all/d2d.json,/home/songxb26/HyLink/Cu-Hylink-Analyse/doc/results/gpu-contention/queue-phase-diagnostic/stream-assignment/20260826T163827Z-338551/assignment-011/repeats-300/repetition-1/d2h-all/background.json,/home/songxb26/HyLink/Cu-Hylink-Analyse/doc/results/gpu-contention/queue-phase-diagnostic/stream-assignment/20260826T163827Z-338551/assignment-011/repeats-300/repetition-1/d2h-all/d2d.log,/home/songxb26/HyLink/Cu-Hylink-Analyse/doc/results/gpu-contention/queue-phase-diagnostic/stream-assignment/20260826T163827Z-338551/assignment-011/repeats-300/repetition-1/d2h-all/background.log
"0,1,1",011,300,2,none,255M,8M,260.433,NA,0,0,pass,/home/songxb26/HyLink/Cu-Hylink-Analyse/doc/results/gpu-contention/queue-phase-diagnostic/stream-assignment/20260826T163827Z-338551/assignment-011/repeats-300/repetition-2/none/d2d.json,/home/songxb26/HyLink/Cu-Hylink-Analyse/doc/results/gpu-contention/queue-phase-diagnostic/stream-assignment/20260826T163827Z-338551/assignment-011/repeats-300/repetition-2/none/background.json,/home/songxb26/HyLink/Cu-Hylink-Analyse/doc/results/gpu-contention/queue-phase-diagnostic/stream-assignment/20260826T163827Z-338551/assignment-011/repeats-300/repetition-2/none/d2d.log,NA
"0,1,1",011,300,2,d2h-all,255M,8M,180.291,12.999,0,0,pass,/home/songxb26/HyLink/Cu-Hylink-Analyse/doc/results/gpu-contention/queue-phase-diagnostic/stream-assignment/20260826T163827Z-338551/assignment-011/repeats-300/repetition-2/d2h-all/d2d.json,/home/songxb26/HyLink/Cu-Hylink-Analyse/doc/results/gpu-contention/queue-phase-diagnostic/stream-assignment/20260826T163827Z-338551/assignment-011/repeats-300/repetition-2/d2h-all/background.json,/home/songxb26/HyLink/Cu-Hylink-Analyse/doc/results/gpu-contention/queue-phase-diagnostic/stream-assignment/20260826T163827Z-338551/assignment-011/repeats-300/repetition-2/d2h-all/d2d.log,/home/songxb26/HyLink/Cu-Hylink-Analyse/doc/results/gpu-contention/queue-phase-diagnostic/stream-assignment/20260826T163827Z-338551/assignment-011/repeats-300/repetition-2/d2h-all/background.log
"0,1,1",011,300,3,none,255M,8M,260.422,NA,0,0,pass,/home/songxb26/HyLink/Cu-Hylink-Analyse/doc/results/gpu-contention/queue-phase-diagnostic/stream-assignment/20260826T163827Z-338551/assignment-011/repeats-300/repetition-3/none/d2d.json,/home/songxb26/HyLink/Cu-Hylink-Analyse/doc/results/gpu-contention/queue-phase-diagnostic/stream-assignment/20260826T163827Z-338551/assignment-011/repeats-300/repetition-3/none/background.json,/home/songxb26/HyLink/Cu-Hylink-Analyse/doc/results/gpu-contention/queue-phase-diagnostic/stream-assignment/20260826T163827Z-338551/assignment-011/repeats-300/repetition-3/none/d2d.log,NA
"0,1,1",011,300,3,d2h-all,255M,8M,179.852,12.789,0,0,pass,/home/songxb26/HyLink/Cu-Hylink-Analyse/doc/results/gpu-contention/queue-phase-diagnostic/stream-assignment/20260826T163827Z-338551/assignment-011/repeats-300/repetition-3/d2h-all/d2d.json,/home/songxb26/HyLink/Cu-Hylink-Analyse/doc/results/gpu-contention/queue-phase-diagnostic/stream-assignment/20260826T163827Z-338551/assignment-011/repeats-300/repetition-3/d2h-all/background.json,/home/songxb26/HyLink/Cu-Hylink-Analyse/doc/results/gpu-contention/queue-phase-diagnostic/stream-assignment/20260826T163827Z-338551/assignment-011/repeats-300/repetition-3/d2h-all/d2d.log,/home/songxb26/HyLink/Cu-Hylink-Analyse/doc/results/gpu-contention/queue-phase-diagnostic/stream-assignment/20260826T163827Z-338551/assignment-011/repeats-300/repetition-3/d2h-all/background.log
"1,0,1",101,20,1,none,255M,8M,260.414,NA,0,0,pass,/home/songxb26/HyLink/Cu-Hylink-Analyse/doc/results/gpu-contention/queue-phase-diagnostic/stream-assignment/20260826T163827Z-338551/assignment-101/repeats-20/repetition-1/none/d2d.json,/home/songxb26/HyLink/Cu-Hylink-Analyse/doc/results/gpu-contention/queue-phase-diagnostic/stream-assignment/20260826T163827Z-338551/assignment-101/repeats-20/repetition-1/none/background.json,/home/songxb26/HyLink/Cu-Hylink-Analyse/doc/results/gpu-contention/queue-phase-diagnostic/stream-assignment/20260826T163827Z-338551/assignment-101/repeats-20/repetition-1/none/d2d.log,NA
"1,0,1",101,20,1,d2h-all,255M,8M,180.548,14.501,0,0,pass,/home/songxb26/HyLink/Cu-Hylink-Analyse/doc/results/gpu-contention/queue-phase-diagnostic/stream-assignment/20260826T163827Z-338551/assignment-101/repeats-20/repetition-1/d2h-all/d2d.json,/home/songxb26/HyLink/Cu-Hylink-Analyse/doc/results/gpu-contention/queue-phase-diagnostic/stream-assignment/20260826T163827Z-338551/assignment-101/repeats-20/repetition-1/d2h-all/background.json,/home/songxb26/HyLink/Cu-Hylink-Analyse/doc/results/gpu-contention/queue-phase-diagnostic/stream-assignment/20260826T163827Z-338551/assignment-101/repeats-20/repetition-1/d2h-all/d2d.log,/home/songxb26/HyLink/Cu-Hylink-Analyse/doc/results/gpu-contention/queue-phase-diagnostic/stream-assignment/20260826T163827Z-338551/assignment-101/repeats-20/repetition-1/d2h-all/background.log
"1,0,1",101,20,2,none,255M,8M,260.473,NA,0,0,pass,/home/songxb26/HyLink/Cu-Hylink-Analyse/doc/results/gpu-contention/queue-phase-diagnostic/stream-assignment/20260826T163827Z-338551/assignment-101/repeats-20/repetition-2/none/d2d.json,/home/songxb26/HyLink/Cu-Hylink-Analyse/doc/results/gpu-contention/queue-phase-diagnostic/stream-assignment/20260826T163827Z-338551/assignment-101/repeats-20/repetition-2/none/background.json,/home/songxb26/HyLink/Cu-Hylink-Analyse/doc/results/gpu-contention/queue-phase-diagnostic/stream-assignment/20260826T163827Z-338551/assignment-101/repeats-20/repetition-2/none/d2d.log,NA
"1,0,1",101,20,2,d2h-all,255M,8M,181.698,13.443,0,0,pass,/home/songxb26/HyLink/Cu-Hylink-Analyse/doc/results/gpu-contention/queue-phase-diagnostic/stream-assignment/20260826T163827Z-338551/assignment-101/repeats-20/repetition-2/d2h-all/d2d.json,/home/songxb26/HyLink/Cu-Hylink-Analyse/doc/results/gpu-contention/queue-phase-diagnostic/stream-assignment/20260826T163827Z-338551/assignment-101/repeats-20/repetition-2/d2h-all/background.json,/home/songxb26/HyLink/Cu-Hylink-Analyse/doc/results/gpu-contention/queue-phase-diagnostic/stream-assignment/20260826T163827Z-338551/assignment-101/repeats-20/repetition-2/d2h-all/d2d.log,/home/songxb26/HyLink/Cu-Hylink-Analyse/doc/results/gpu-contention/queue-phase-diagnostic/stream-assignment/20260826T163827Z-338551/assignment-101/repeats-20/repetition-2/d2h-all/background.log
"1,0,1",101,20,3,none,255M,8M,260.538,NA,0,0,pass,/home/songxb26/HyLink/Cu-Hylink-Analyse/doc/results/gpu-contention/queue-phase-diagnostic/stream-assignment/20260826T163827Z-338551/assignment-101/repeats-20/repetition-3/none/d2d.json,/home/songxb26/HyLink/Cu-Hylink-Analyse/doc/results/gpu-contention/queue-phase-diagnostic/stream-assignment/20260826T163827Z-338551/assignment-101/repeats-20/repetition-3/none/background.json,/home/songxb26/HyLink/Cu-Hylink-Analyse/doc/results/gpu-contention/queue-phase-diagnostic/stream-assignment/20260826T163827Z-338551/assignment-101/repeats-20/repetition-3/none/d2d.log,NA
"1,0,1",101,20,3,d2h-all,255M,8M,180.104,13.099,0,0,pass,/home/songxb26/HyLink/Cu-Hylink-Analyse/doc/results/gpu-contention/queue-phase-diagnostic/stream-assignment/20260826T163827Z-338551/assignment-101/repeats-20/repetition-3/d2h-all/d2d.json,/home/songxb26/HyLink/Cu-Hylink-Analyse/doc/results/gpu-contention/queue-phase-diagnostic/stream-assignment/20260826T163827Z-338551/assignment-101/repeats-20/repetition-3/d2h-all/background.json,/home/songxb26/HyLink/Cu-Hylink-Analyse/doc/results/gpu-contention/queue-phase-diagnostic/stream-assignment/20260826T163827Z-338551/assignment-101/repeats-20/repetition-3/d2h-all/d2d.log,/home/songxb26/HyLink/Cu-Hylink-Analyse/doc/results/gpu-contention/queue-phase-diagnostic/stream-assignment/20260826T163827Z-338551/assignment-101/repeats-20/repetition-3/d2h-all/background.log
"1,0,1",101,300,1,none,255M,8M,260.500,NA,0,0,pass,/home/songxb26/HyLink/Cu-Hylink-Analyse/doc/results/gpu-contention/queue-phase-diagnostic/stream-assignment/20260826T163827Z-338551/assignment-101/repeats-300/repetition-1/none/d2d.json,/home/songxb26/HyLink/Cu-Hylink-Analyse/doc/results/gpu-contention/queue-phase-diagnostic/stream-assignment/20260826T163827Z-338551/assignment-101/repeats-300/repetition-1/none/background.json,/home/songxb26/HyLink/Cu-Hylink-Analyse/doc/results/gpu-contention/queue-phase-diagnostic/stream-assignment/20260826T163827Z-338551/assignment-101/repeats-300/repetition-1/none/d2d.log,NA
"1,0,1",101,300,1,d2h-all,255M,8M,179.765,12.735,0,0,pass,/home/songxb26/HyLink/Cu-Hylink-Analyse/doc/results/gpu-contention/queue-phase-diagnostic/stream-assignment/20260826T163827Z-338551/assignment-101/repeats-300/repetition-1/d2h-all/d2d.json,/home/songxb26/HyLink/Cu-Hylink-Analyse/doc/results/gpu-contention/queue-phase-diagnostic/stream-assignment/20260826T163827Z-338551/assignment-101/repeats-300/repetition-1/d2h-all/background.json,/home/songxb26/HyLink/Cu-Hylink-Analyse/doc/results/gpu-contention/queue-phase-diagnostic/stream-assignment/20260826T163827Z-338551/assignment-101/repeats-300/repetition-1/d2h-all/d2d.log,/home/songxb26/HyLink/Cu-Hylink-Analyse/doc/results/gpu-contention/queue-phase-diagnostic/stream-assignment/20260826T163827Z-338551/assignment-101/repeats-300/repetition-1/d2h-all/background.log
"1,0,1",101,300,2,none,255M,8M,260.487,NA,0,0,pass,/home/songxb26/HyLink/Cu-Hylink-Analyse/doc/results/gpu-contention/queue-phase-diagnostic/stream-assignment/20260826T163827Z-338551/assignment-101/repeats-300/repetition-2/none/d2d.json,/home/songxb26/HyLink/Cu-Hylink-Analyse/doc/results/gpu-contention/queue-phase-diagnostic/stream-assignment/20260826T163827Z-338551/assignment-101/repeats-300/repetition-2/none/background.json,/home/songxb26/HyLink/Cu-Hylink-Analyse/doc/results/gpu-contention/queue-phase-diagnostic/stream-assignment/20260826T163827Z-338551/assignment-101/repeats-300/repetition-2/none/d2d.log,NA
"1,0,1",101,300,2,d2h-all,255M,8M,179.477,12.949,0,0,pass,/home/songxb26/HyLink/Cu-Hylink-Analyse/doc/results/gpu-contention/queue-phase-diagnostic/stream-assignment/20260826T163827Z-338551/assignment-101/repeats-300/repetition-2/d2h-all/d2d.json,/home/songxb26/HyLink/Cu-Hylink-Analyse/doc/results/gpu-contention/queue-phase-diagnostic/stream-assignment/20260826T163827Z-338551/assignment-101/repeats-300/repetition-2/d2h-all/background.json,/home/songxb26/HyLink/Cu-Hylink-Analyse/doc/results/gpu-contention/queue-phase-diagnostic/stream-assignment/20260826T163827Z-338551/assignment-101/repeats-300/repetition-2/d2h-all/d2d.log,/home/songxb26/HyLink/Cu-Hylink-Analyse/doc/results/gpu-contention/queue-phase-diagnostic/stream-assignment/20260826T163827Z-338551/assignment-101/repeats-300/repetition-2/d2h-all/background.log
"1,0,1",101,300,3,none,255M,8M,260.503,NA,0,0,pass,/home/songxb26/HyLink/Cu-Hylink-Analyse/doc/results/gpu-contention/queue-phase-diagnostic/stream-assignment/20260826T163827Z-338551/assignment-101/repeats-300/repetition-3/none/d2d.json,/home/songxb26/HyLink/Cu-Hylink-Analyse/doc/results/gpu-contention/queue-phase-diagnostic/stream-assignment/20260826T163827Z-338551/assignment-101/repeats-300/repetition-3/none/background.json,/home/songxb26/HyLink/Cu-Hylink-Analyse/doc/results/gpu-contention/queue-phase-diagnostic/stream-assignment/20260826T163827Z-338551/assignment-101/repeats-300/repetition-3/none/d2d.log,NA
"1,0,1",101,300,3,d2h-all,255M,8M,179.432,12.657,0,0,pass,/home/songxb26/HyLink/Cu-Hylink-Analyse/doc/results/gpu-contention/queue-phase-diagnostic/stream-assignment/20260826T163827Z-338551/assignment-101/repeats-300/repetition-3/d2h-all/d2d.json,/home/songxb26/HyLink/Cu-Hylink-Analyse/doc/results/gpu-contention/queue-phase-diagnostic/stream-assignment/20260826T163827Z-338551/assignment-101/repeats-300/repetition-3/d2h-all/background.json,/home/songxb26/HyLink/Cu-Hylink-Analyse/doc/results/gpu-contention/queue-phase-diagnostic/stream-assignment/20260826T163827Z-338551/assignment-101/repeats-300/repetition-3/d2h-all/d2d.log,/home/songxb26/HyLink/Cu-Hylink-Analyse/doc/results/gpu-contention/queue-phase-diagnostic/stream-assignment/20260826T163827Z-338551/assignment-101/repeats-300/repetition-3/d2h-all/background.log
"1,1,0",110,20,1,none,255M,8M,260.519,NA,0,0,pass,/home/songxb26/HyLink/Cu-Hylink-Analyse/doc/results/gpu-contention/queue-phase-diagnostic/stream-assignment/20260826T163827Z-338551/assignment-110/repeats-20/repetition-1/none/d2d.json,/home/songxb26/HyLink/Cu-Hylink-Analyse/doc/results/gpu-contention/queue-phase-diagnostic/stream-assignment/20260826T163827Z-338551/assignment-110/repeats-20/repetition-1/none/background.json,/home/songxb26/HyLink/Cu-Hylink-Analyse/doc/results/gpu-contention/queue-phase-diagnostic/stream-assignment/20260826T163827Z-338551/assignment-110/repeats-20/repetition-1/none/d2d.log,NA
"1,1,0",110,20,1,d2h-all,255M,8M,178.120,13.002,0,0,pass,/home/songxb26/HyLink/Cu-Hylink-Analyse/doc/results/gpu-contention/queue-phase-diagnostic/stream-assignment/20260826T163827Z-338551/assignment-110/repeats-20/repetition-1/d2h-all/d2d.json,/home/songxb26/HyLink/Cu-Hylink-Analyse/doc/results/gpu-contention/queue-phase-diagnostic/stream-assignment/20260826T163827Z-338551/assignment-110/repeats-20/repetition-1/d2h-all/background.json,/home/songxb26/HyLink/Cu-Hylink-Analyse/doc/results/gpu-contention/queue-phase-diagnostic/stream-assignment/20260826T163827Z-338551/assignment-110/repeats-20/repetition-1/d2h-all/d2d.log,/home/songxb26/HyLink/Cu-Hylink-Analyse/doc/results/gpu-contention/queue-phase-diagnostic/stream-assignment/20260826T163827Z-338551/assignment-110/repeats-20/repetition-1/d2h-all/background.log
"1,1,0",110,20,2,none,255M,8M,260.464,NA,0,0,pass,/home/songxb26/HyLink/Cu-Hylink-Analyse/doc/results/gpu-contention/queue-phase-diagnostic/stream-assignment/20260826T163827Z-338551/assignment-110/repeats-20/repetition-2/none/d2d.json,/home/songxb26/HyLink/Cu-Hylink-Analyse/doc/results/gpu-contention/queue-phase-diagnostic/stream-assignment/20260826T163827Z-338551/assignment-110/repeats-20/repetition-2/none/background.json,/home/songxb26/HyLink/Cu-Hylink-Analyse/doc/results/gpu-contention/queue-phase-diagnostic/stream-assignment/20260826T163827Z-338551/assignment-110/repeats-20/repetition-2/none/d2d.log,NA
"1,1,0",110,20,2,d2h-all,255M,8M,180.187,13.218,0,0,pass,/home/songxb26/HyLink/Cu-Hylink-Analyse/doc/results/gpu-contention/queue-phase-diagnostic/stream-assignment/20260826T163827Z-338551/assignment-110/repeats-20/repetition-2/d2h-all/d2d.json,/home/songxb26/HyLink/Cu-Hylink-Analyse/doc/results/gpu-contention/queue-phase-diagnostic/stream-assignment/20260826T163827Z-338551/assignment-110/repeats-20/repetition-2/d2h-all/background.json,/home/songxb26/HyLink/Cu-Hylink-Analyse/doc/results/gpu-contention/queue-phase-diagnostic/stream-assignment/20260826T163827Z-338551/assignment-110/repeats-20/repetition-2/d2h-all/d2d.log,/home/songxb26/HyLink/Cu-Hylink-Analyse/doc/results/gpu-contention/queue-phase-diagnostic/stream-assignment/20260826T163827Z-338551/assignment-110/repeats-20/repetition-2/d2h-all/background.log
"1,1,0",110,20,3,none,255M,8M,260.498,NA,0,0,pass,/home/songxb26/HyLink/Cu-Hylink-Analyse/doc/results/gpu-contention/queue-phase-diagnostic/stream-assignment/20260826T163827Z-338551/assignment-110/repeats-20/repetition-3/none/d2d.json,/home/songxb26/HyLink/Cu-Hylink-Analyse/doc/results/gpu-contention/queue-phase-diagnostic/stream-assignment/20260826T163827Z-338551/assignment-110/repeats-20/repetition-3/none/background.json,/home/songxb26/HyLink/Cu-Hylink-Analyse/doc/results/gpu-contention/queue-phase-diagnostic/stream-assignment/20260826T163827Z-338551/assignment-110/repeats-20/repetition-3/none/d2d.log,NA
"1,1,0",110,20,3,d2h-all,255M,8M,180.443,13.202,0,0,pass,/home/songxb26/HyLink/Cu-Hylink-Analyse/doc/results/gpu-contention/queue-phase-diagnostic/stream-assignment/20260826T163827Z-338551/assignment-110/repeats-20/repetition-3/d2h-all/d2d.json,/home/songxb26/HyLink/Cu-Hylink-Analyse/doc/results/gpu-contention/queue-phase-diagnostic/stream-assignment/20260826T163827Z-338551/assignment-110/repeats-20/repetition-3/d2h-all/background.json,/home/songxb26/HyLink/Cu-Hylink-Analyse/doc/results/gpu-contention/queue-phase-diagnostic/stream-assignment/20260826T163827Z-338551/assignment-110/repeats-20/repetition-3/d2h-all/d2d.log,/home/songxb26/HyLink/Cu-Hylink-Analyse/doc/results/gpu-contention/queue-phase-diagnostic/stream-assignment/20260826T163827Z-338551/assignment-110/repeats-20/repetition-3/d2h-all/background.log
"1,1,0",110,300,1,none,255M,8M,260.430,NA,0,0,pass,/home/songxb26/HyLink/Cu-Hylink-Analyse/doc/results/gpu-contention/queue-phase-diagnostic/stream-assignment/20260826T163827Z-338551/assignment-110/repeats-300/repetition-1/none/d2d.json,/home/songxb26/HyLink/Cu-Hylink-Analyse/doc/results/gpu-contention/queue-phase-diagnostic/stream-assignment/20260826T163827Z-338551/assignment-110/repeats-300/repetition-1/none/background.json,/home/songxb26/HyLink/Cu-Hylink-Analyse/doc/results/gpu-contention/queue-phase-diagnostic/stream-assignment/20260826T163827Z-338551/assignment-110/repeats-300/repetition-1/none/d2d.log,NA
"1,1,0",110,300,1,d2h-all,255M,8M,180.155,12.918,0,0,pass,/home/songxb26/HyLink/Cu-Hylink-Analyse/doc/results/gpu-contention/queue-phase-diagnostic/stream-assignment/20260826T163827Z-338551/assignment-110/repeats-300/repetition-1/d2h-all/d2d.json,/home/songxb26/HyLink/Cu-Hylink-Analyse/doc/results/gpu-contention/queue-phase-diagnostic/stream-assignment/20260826T163827Z-338551/assignment-110/repeats-300/repetition-1/d2h-all/background.json,/home/songxb26/HyLink/Cu-Hylink-Analyse/doc/results/gpu-contention/queue-phase-diagnostic/stream-assignment/20260826T163827Z-338551/assignment-110/repeats-300/repetition-1/d2h-all/d2d.log,/home/songxb26/HyLink/Cu-Hylink-Analyse/doc/results/gpu-contention/queue-phase-diagnostic/stream-assignment/20260826T163827Z-338551/assignment-110/repeats-300/repetition-1/d2h-all/background.log
"1,1,0",110,300,2,none,255M,8M,260.439,NA,0,0,pass,/home/songxb26/HyLink/Cu-Hylink-Analyse/doc/results/gpu-contention/queue-phase-diagnostic/stream-assignment/20260826T163827Z-338551/assignment-110/repeats-300/repetition-2/none/d2d.json,/home/songxb26/HyLink/Cu-Hylink-Analyse/doc/results/gpu-contention/queue-phase-diagnostic/stream-assignment/20260826T163827Z-338551/assignment-110/repeats-300/repetition-2/none/background.json,/home/songxb26/HyLink/Cu-Hylink-Analyse/doc/results/gpu-contention/queue-phase-diagnostic/stream-assignment/20260826T163827Z-338551/assignment-110/repeats-300/repetition-2/none/d2d.log,NA
"1,1,0",110,300,2,d2h-all,255M,8M,178.996,12.754,0,0,pass,/home/songxb26/HyLink/Cu-Hylink-Analyse/doc/results/gpu-contention/queue-phase-diagnostic/stream-assignment/20260826T163827Z-338551/assignment-110/repeats-300/repetition-2/d2h-all/d2d.json,/home/songxb26/HyLink/Cu-Hylink-Analyse/doc/results/gpu-contention/queue-phase-diagnostic/stream-assignment/20260826T163827Z-338551/assignment-110/repeats-300/repetition-2/d2h-all/background.json,/home/songxb26/HyLink/Cu-Hylink-Analyse/doc/results/gpu-contention/queue-phase-diagnostic/stream-assignment/20260826T163827Z-338551/assignment-110/repeats-300/repetition-2/d2h-all/d2d.log,/home/songxb26/HyLink/Cu-Hylink-Analyse/doc/results/gpu-contention/queue-phase-diagnostic/stream-assignment/20260826T163827Z-338551/assignment-110/repeats-300/repetition-2/d2h-all/background.log
"1,1,0",110,300,3,none,255M,8M,260.429,NA,0,0,pass,/home/songxb26/HyLink/Cu-Hylink-Analyse/doc/results/gpu-contention/queue-phase-diagnostic/stream-assignment/20260826T163827Z-338551/assignment-110/repeats-300/repetition-3/none/d2d.json,/home/songxb26/HyLink/Cu-Hylink-Analyse/doc/results/gpu-contention/queue-phase-diagnostic/stream-assignment/20260826T163827Z-338551/assignment-110/repeats-300/repetition-3/none/background.json,/home/songxb26/HyLink/Cu-Hylink-Analyse/doc/results/gpu-contention/queue-phase-diagnostic/stream-assignment/20260826T163827Z-338551/assignment-110/repeats-300/repetition-3/none/d2d.log,NA
"1,1,0",110,300,3,d2h-all,255M,8M,180.569,12.788,0,0,pass,/home/songxb26/HyLink/Cu-Hylink-Analyse/doc/results/gpu-contention/queue-phase-diagnostic/stream-assignment/20260826T163827Z-338551/assignment-110/repeats-300/repetition-3/d2h-all/d2d.json,/home/songxb26/HyLink/Cu-Hylink-Analyse/doc/results/gpu-contention/queue-phase-diagnostic/stream-assignment/20260826T163827Z-338551/assignment-110/repeats-300/repetition-3/d2h-all/background.json,/home/songxb26/HyLink/Cu-Hylink-Analyse/doc/results/gpu-contention/queue-phase-diagnostic/stream-assignment/20260826T163827Z-338551/assignment-110/repeats-300/repetition-3/d2h-all/d2d.log,/home/songxb26/HyLink/Cu-Hylink-Analyse/doc/results/gpu-contention/queue-phase-diagnostic/stream-assignment/20260826T163827Z-338551/assignment-110/repeats-300/repetition-3/d2h-all/background.log
