mode,repeats,repetition,scenario,d2dAggregateGBps,backgroundAggregateGBps,d2dExit,backgroundExit,d2dJson,backgroundJson
async,20,1,none,176.523,NA,0,0,/home/songxb26/HyLink/Cu-Hylink-Analyse/doc/results/gpu-contention/timing-repeat-diagnostic/sync-each-iteration/repeats-20/repetition-1/none/async/d2d.json,/home/songxb26/HyLink/Cu-Hylink-Analyse/doc/results/gpu-contention/timing-repeat-diagnostic/sync-each-iteration/repeats-20/repetition-1/none/async/background.json
sync,20,1,none,179.109,NA,0,0,/home/songxb26/HyLink/Cu-Hylink-Analyse/doc/results/gpu-contention/timing-repeat-diagnostic/sync-each-iteration/repeats-20/repetition-1/none/sync/d2d.json,/home/songxb26/HyLink/Cu-Hylink-Analyse/doc/results/gpu-contention/timing-repeat-diagnostic/sync-each-iteration/repeats-20/repetition-1/none/sync/background.json
async,20,1,d2h-gpu0,129.486,11.129,0,0,/home/songxb26/HyLink/Cu-Hylink-Analyse/doc/results/gpu-contention/timing-repeat-diagnostic/sync-each-iteration/repeats-20/repetition-1/d2h-gpu0/async/d2d.json,/home/songxb26/HyLink/Cu-Hylink-Analyse/doc/results/gpu-contention/timing-repeat-diagnostic/sync-each-iteration/repeats-20/repetition-1/d2h-gpu0/async/background.json
sync,20,1,d2h-gpu0,129.746,11.281,0,0,/home/songxb26/HyLink/Cu-Hylink-Analyse/doc/results/gpu-contention/timing-repeat-diagnostic/sync-each-iteration/repeats-20/repetition-1/d2h-gpu0/sync/d2d.json,/home/songxb26/HyLink/Cu-Hylink-Analyse/doc/results/gpu-contention/timing-repeat-diagnostic/sync-each-iteration/repeats-20/repetition-1/d2h-gpu0/sync/background.json
async,20,1,d2h-all,127.823,15.662,0,0,/home/songxb26/HyLink/Cu-Hylink-Analyse/doc/results/gpu-contention/timing-repeat-diagnostic/sync-each-iteration/repeats-20/repetition-1/d2h-all/async/d2d.json,/home/songxb26/HyLink/Cu-Hylink-Analyse/doc/results/gpu-contention/timing-repeat-diagnostic/sync-each-iteration/repeats-20/repetition-1/d2h-all/async/background.json
sync,20,1,d2h-all,127.133,11.987,0,0,/home/songxb26/HyLink/Cu-Hylink-Analyse/doc/results/gpu-contention/timing-repeat-diagnostic/sync-each-iteration/repeats-20/repetition-1/d2h-all/sync/d2d.json,/home/songxb26/HyLink/Cu-Hylink-Analyse/doc/results/gpu-contention/timing-repeat-diagnostic/sync-each-iteration/repeats-20/repetition-1/d2h-all/sync/background.json
async,20,2,none,179.806,NA,0,0,/home/songxb26/HyLink/Cu-Hylink-Analyse/doc/results/gpu-contention/timing-repeat-diagnostic/sync-each-iteration/repeats-20/repetition-2/none/async/d2d.json,/home/songxb26/HyLink/Cu-Hylink-Analyse/doc/results/gpu-contention/timing-repeat-diagnostic/sync-each-iteration/repeats-20/repetition-2/none/async/background.json
sync,20,2,none,178.720,NA,0,0,/home/songxb26/HyLink/Cu-Hylink-Analyse/doc/results/gpu-contention/timing-repeat-diagnostic/sync-each-iteration/repeats-20/repetition-2/none/sync/d2d.json,/home/songxb26/HyLink/Cu-Hylink-Analyse/doc/results/gpu-contention/timing-repeat-diagnostic/sync-each-iteration/repeats-20/repetition-2/none/sync/background.json
async,20,2,d2h-gpu0,129.766,11.180,0,0,/home/songxb26/HyLink/Cu-Hylink-Analyse/doc/results/gpu-contention/timing-repeat-diagnostic/sync-each-iteration/repeats-20/repetition-2/d2h-gpu0/async/d2d.json,/home/songxb26/HyLink/Cu-Hylink-Analyse/doc/results/gpu-contention/timing-repeat-diagnostic/sync-each-iteration/repeats-20/repetition-2/d2h-gpu0/async/background.json
sync,20,2,d2h-gpu0,130.247,11.269,0,0,/home/songxb26/HyLink/Cu-Hylink-Analyse/doc/results/gpu-contention/timing-repeat-diagnostic/sync-each-iteration/repeats-20/repetition-2/d2h-gpu0/sync/d2d.json,/home/songxb26/HyLink/Cu-Hylink-Analyse/doc/results/gpu-contention/timing-repeat-diagnostic/sync-each-iteration/repeats-20/repetition-2/d2h-gpu0/sync/background.json
async,20,2,d2h-all,127.787,15.892,0,0,/home/songxb26/HyLink/Cu-Hylink-Analyse/doc/results/gpu-contention/timing-repeat-diagnostic/sync-each-iteration/repeats-20/repetition-2/d2h-all/async/d2d.json,/home/songxb26/HyLink/Cu-Hylink-Analyse/doc/results/gpu-contention/timing-repeat-diagnostic/sync-each-iteration/repeats-20/repetition-2/d2h-all/async/background.json
sync,20,2,d2h-all,126.953,15.212,0,0,/home/songxb26/HyLink/Cu-Hylink-Analyse/doc/results/gpu-contention/timing-repeat-diagnostic/sync-each-iteration/repeats-20/repetition-2/d2h-all/sync/d2d.json,/home/songxb26/HyLink/Cu-Hylink-Analyse/doc/results/gpu-contention/timing-repeat-diagnostic/sync-each-iteration/repeats-20/repetition-2/d2h-all/sync/background.json
async,20,3,none,179.794,NA,0,0,/home/songxb26/HyLink/Cu-Hylink-Analyse/doc/results/gpu-contention/timing-repeat-diagnostic/sync-each-iteration/repeats-20/repetition-3/none/async/d2d.json,/home/songxb26/HyLink/Cu-Hylink-Analyse/doc/results/gpu-contention/timing-repeat-diagnostic/sync-each-iteration/repeats-20/repetition-3/none/async/background.json
sync,20,3,none,179.245,NA,0,0,/home/songxb26/HyLink/Cu-Hylink-Analyse/doc/results/gpu-contention/timing-repeat-diagnostic/sync-each-iteration/repeats-20/repetition-3/none/sync/d2d.json,/home/songxb26/HyLink/Cu-Hylink-Analyse/doc/results/gpu-contention/timing-repeat-diagnostic/sync-each-iteration/repeats-20/repetition-3/none/sync/background.json
async,20,3,d2h-gpu0,129.986,12.043,0,0,/home/songxb26/HyLink/Cu-Hylink-Analyse/doc/results/gpu-contention/timing-repeat-diagnostic/sync-each-iteration/repeats-20/repetition-3/d2h-gpu0/async/d2d.json,/home/songxb26/HyLink/Cu-Hylink-Analyse/doc/results/gpu-contention/timing-repeat-diagnostic/sync-each-iteration/repeats-20/repetition-3/d2h-gpu0/async/background.json
sync,20,3,d2h-gpu0,129.130,11.386,0,0,/home/songxb26/HyLink/Cu-Hylink-Analyse/doc/results/gpu-contention/timing-repeat-diagnostic/sync-each-iteration/repeats-20/repetition-3/d2h-gpu0/sync/d2d.json,/home/songxb26/HyLink/Cu-Hylink-Analyse/doc/results/gpu-contention/timing-repeat-diagnostic/sync-each-iteration/repeats-20/repetition-3/d2h-gpu0/sync/background.json
async,20,3,d2h-all,127.888,14.866,0,0,/home/songxb26/HyLink/Cu-Hylink-Analyse/doc/results/gpu-contention/timing-repeat-diagnostic/sync-each-iteration/repeats-20/repetition-3/d2h-all/async/d2d.json,/home/songxb26/HyLink/Cu-Hylink-Analyse/doc/results/gpu-contention/timing-repeat-diagnostic/sync-each-iteration/repeats-20/repetition-3/d2h-all/async/background.json
sync,20,3,d2h-all,127.386,14.198,0,0,/home/songxb26/HyLink/Cu-Hylink-Analyse/doc/results/gpu-contention/timing-repeat-diagnostic/sync-each-iteration/repeats-20/repetition-3/d2h-all/sync/d2d.json,/home/songxb26/HyLink/Cu-Hylink-Analyse/doc/results/gpu-contention/timing-repeat-diagnostic/sync-each-iteration/repeats-20/repetition-3/d2h-all/sync/background.json
async,500,1,none,190.731,NA,0,0,/home/songxb26/HyLink/Cu-Hylink-Analyse/doc/results/gpu-contention/timing-repeat-diagnostic/sync-each-iteration/repeats-500/repetition-1/none/async/d2d.json,/home/songxb26/HyLink/Cu-Hylink-Analyse/doc/results/gpu-contention/timing-repeat-diagnostic/sync-each-iteration/repeats-500/repetition-1/none/async/background.json
sync,500,1,none,179.319,NA,0,0,/home/songxb26/HyLink/Cu-Hylink-Analyse/doc/results/gpu-contention/timing-repeat-diagnostic/sync-each-iteration/repeats-500/repetition-1/none/sync/d2d.json,/home/songxb26/HyLink/Cu-Hylink-Analyse/doc/results/gpu-contention/timing-repeat-diagnostic/sync-each-iteration/repeats-500/repetition-1/none/sync/background.json
async,500,1,d2h-gpu0,173.100,11.210,0,0,/home/songxb26/HyLink/Cu-Hylink-Analyse/doc/results/gpu-contention/timing-repeat-diagnostic/sync-each-iteration/repeats-500/repetition-1/d2h-gpu0/async/d2d.json,/home/songxb26/HyLink/Cu-Hylink-Analyse/doc/results/gpu-contention/timing-repeat-diagnostic/sync-each-iteration/repeats-500/repetition-1/d2h-gpu0/async/background.json
sync,500,1,d2h-gpu0,130.668,9.720,0,0,/home/songxb26/HyLink/Cu-Hylink-Analyse/doc/results/gpu-contention/timing-repeat-diagnostic/sync-each-iteration/repeats-500/repetition-1/d2h-gpu0/sync/d2d.json,/home/songxb26/HyLink/Cu-Hylink-Analyse/doc/results/gpu-contention/timing-repeat-diagnostic/sync-each-iteration/repeats-500/repetition-1/d2h-gpu0/sync/background.json
async,500,1,d2h-all,171.034,12.996,0,0,/home/songxb26/HyLink/Cu-Hylink-Analyse/doc/results/gpu-contention/timing-repeat-diagnostic/sync-each-iteration/repeats-500/repetition-1/d2h-all/async/d2d.json,/home/songxb26/HyLink/Cu-Hylink-Analyse/doc/results/gpu-contention/timing-repeat-diagnostic/sync-each-iteration/repeats-500/repetition-1/d2h-all/async/background.json
sync,500,1,d2h-all,127.343,11.425,0,0,/home/songxb26/HyLink/Cu-Hylink-Analyse/doc/results/gpu-contention/timing-repeat-diagnostic/sync-each-iteration/repeats-500/repetition-1/d2h-all/sync/d2d.json,/home/songxb26/HyLink/Cu-Hylink-Analyse/doc/results/gpu-contention/timing-repeat-diagnostic/sync-each-iteration/repeats-500/repetition-1/d2h-all/sync/background.json
async,500,2,none,190.795,NA,0,0,/home/songxb26/HyLink/Cu-Hylink-Analyse/doc/results/gpu-contention/timing-repeat-diagnostic/sync-each-iteration/repeats-500/repetition-2/none/async/d2d.json,/home/songxb26/HyLink/Cu-Hylink-Analyse/doc/results/gpu-contention/timing-repeat-diagnostic/sync-each-iteration/repeats-500/repetition-2/none/async/background.json
sync,500,2,none,179.316,NA,0,0,/home/songxb26/HyLink/Cu-Hylink-Analyse/doc/results/gpu-contention/timing-repeat-diagnostic/sync-each-iteration/repeats-500/repetition-2/none/sync/d2d.json,/home/songxb26/HyLink/Cu-Hylink-Analyse/doc/results/gpu-contention/timing-repeat-diagnostic/sync-each-iteration/repeats-500/repetition-2/none/sync/background.json
async,500,2,d2h-gpu0,172.878,11.331,0,0,/home/songxb26/HyLink/Cu-Hylink-Analyse/doc/results/gpu-contention/timing-repeat-diagnostic/sync-each-iteration/repeats-500/repetition-2/d2h-gpu0/async/d2d.json,/home/songxb26/HyLink/Cu-Hylink-Analyse/doc/results/gpu-contention/timing-repeat-diagnostic/sync-each-iteration/repeats-500/repetition-2/d2h-gpu0/async/background.json
sync,500,2,d2h-gpu0,130.683,9.752,0,0,/home/songxb26/HyLink/Cu-Hylink-Analyse/doc/results/gpu-contention/timing-repeat-diagnostic/sync-each-iteration/repeats-500/repetition-2/d2h-gpu0/sync/d2d.json,/home/songxb26/HyLink/Cu-Hylink-Analyse/doc/results/gpu-contention/timing-repeat-diagnostic/sync-each-iteration/repeats-500/repetition-2/d2h-gpu0/sync/background.json
async,500,2,d2h-all,171.045,12.842,0,0,/home/songxb26/HyLink/Cu-Hylink-Analyse/doc/results/gpu-contention/timing-repeat-diagnostic/sync-each-iteration/repeats-500/repetition-2/d2h-all/async/d2d.json,/home/songxb26/HyLink/Cu-Hylink-Analyse/doc/results/gpu-contention/timing-repeat-diagnostic/sync-each-iteration/repeats-500/repetition-2/d2h-all/async/background.json
sync,500,2,d2h-all,127.340,11.473,0,0,/home/songxb26/HyLink/Cu-Hylink-Analyse/doc/results/gpu-contention/timing-repeat-diagnostic/sync-each-iteration/repeats-500/repetition-2/d2h-all/sync/d2d.json,/home/songxb26/HyLink/Cu-Hylink-Analyse/doc/results/gpu-contention/timing-repeat-diagnostic/sync-each-iteration/repeats-500/repetition-2/d2h-all/sync/background.json
async,500,3,none,190.766,NA,0,0,/home/songxb26/HyLink/Cu-Hylink-Analyse/doc/results/gpu-contention/timing-repeat-diagnostic/sync-each-iteration/repeats-500/repetition-3/none/async/d2d.json,/home/songxb26/HyLink/Cu-Hylink-Analyse/doc/results/gpu-contention/timing-repeat-diagnostic/sync-each-iteration/repeats-500/repetition-3/none/async/background.json
sync,500,3,none,179.299,NA,0,0,/home/songxb26/HyLink/Cu-Hylink-Analyse/doc/results/gpu-contention/timing-repeat-diagnostic/sync-each-iteration/repeats-500/repetition-3/none/sync/d2d.json,/home/songxb26/HyLink/Cu-Hylink-Analyse/doc/results/gpu-contention/timing-repeat-diagnostic/sync-each-iteration/repeats-500/repetition-3/none/sync/background.json
async,500,3,d2h-gpu0,173.397,11.224,0,0,/home/songxb26/HyLink/Cu-Hylink-Analyse/doc/results/gpu-contention/timing-repeat-diagnostic/sync-each-iteration/repeats-500/repetition-3/d2h-gpu0/async/d2d.json,/home/songxb26/HyLink/Cu-Hylink-Analyse/doc/results/gpu-contention/timing-repeat-diagnostic/sync-each-iteration/repeats-500/repetition-3/d2h-gpu0/async/background.json
sync,500,3,d2h-gpu0,130.640,9.723,0,0,/home/songxb26/HyLink/Cu-Hylink-Analyse/doc/results/gpu-contention/timing-repeat-diagnostic/sync-each-iteration/repeats-500/repetition-3/d2h-gpu0/sync/d2d.json,/home/songxb26/HyLink/Cu-Hylink-Analyse/doc/results/gpu-contention/timing-repeat-diagnostic/sync-each-iteration/repeats-500/repetition-3/d2h-gpu0/sync/background.json
async,500,3,d2h-all,171.033,12.848,0,0,/home/songxb26/HyLink/Cu-Hylink-Analyse/doc/results/gpu-contention/timing-repeat-diagnostic/sync-each-iteration/repeats-500/repetition-3/d2h-all/async/d2d.json,/home/songxb26/HyLink/Cu-Hylink-Analyse/doc/results/gpu-contention/timing-repeat-diagnostic/sync-each-iteration/repeats-500/repetition-3/d2h-all/async/background.json
sync,500,3,d2h-all,127.323,11.368,0,0,/home/songxb26/HyLink/Cu-Hylink-Analyse/doc/results/gpu-contention/timing-repeat-diagnostic/sync-each-iteration/repeats-500/repetition-3/d2h-all/sync/d2d.json,/home/songxb26/HyLink/Cu-Hylink-Analyse/doc/results/gpu-contention/timing-repeat-diagnostic/sync-each-iteration/repeats-500/repetition-3/d2h-all/sync/background.json
